Ohio St.,65.2562,253,65.5372,245,118.03830,3,121.81708,2,90.60974,11,87.16964,5,0.979136,1
Duke,71.6764,27,71.1657,26,115.98405,7,119.01424,5,89.59730,6,86.23284,3,0.975995,2
Kansas,71.0336,33,70.2197,45,116.87279,6,121.26257,3,90.91667,15,88.44757,10,0.974139,3
Texas,69.0496,78,67.6549,132,108.93334,44,112.25907,33,85.94041,1,82.01422,1,0.973662,4
Pittsburgh,64.9168,269,64.8011,275,117.40333,4,120.53870,4,94.50064,43,90.70949,22,0.963369,5
Wisconsin,57.8890,345,57.8908,345,118.63479,1,123.30208,1,98.00063,92,93.09584,43,0.962006,6
Brigham Young,72.0240,24,72.2290,18,113.81869,12,118.61539,8,92.60378,26,89.84230,16,0.960648,7
Purdue,66.3419,208,67.5861,138,110.51449,31,115.78293,16,92.44333,24,87.75817,8,0.960343,8
San Diego St.,63.6945,304,63.8798,303,111.23411,27,113.86245,25,92.01723,22,88.17178,9,0.949817,9
Kentucky,68.3410,111,67.9830,112,113.35770,14,117.50135,11,93.93507,37,91.04980,25,0.949454,10
Washington,73.8874,11,73.8685,8,115.38968,8,118.75382,6,94.62744,44,92.18647,38,0.948449,11
North Carolina,73.5400,12,73.1721,11,106.31143,73,111.27191,44,92.19607,23,87.22754,6,0.942662,12
Villanova,66.7736,186,66.5321,194,111.19670,28,116.56232,14,95.21332,50,91.66684,33,0.940646,13
Syracuse,66.3306,209,66.3665,204,109.38495,38,114.47628,20,94.26538,41,90.42768,20,0.937725,14
Georgetown,66.2525,214,65.8157,227,111.28316,25,117.67774,10,99.86544,138,93.21289,45,0.935850,15
Arizona,67.6426,135,67.5999,137,114.03437,11,116.90209,13,95.82970,58,92.97389,41,0.933000,16
Notre Dame,65.0511,264,65.0948,262,114.51271,9,118.38166,9,98.32466,98,94.54387,58,0.929940,17
George Mason,64.9856,267,66.4525,200,113.10809,16,114.25096,21,92.98049,28,91.49189,31,0.927888,18
Illinois,67.2001,170,67.5383,140,107.00754,67,111.76585,39,96.25100,66,89.84888,17,0.924853,19
Maryland,72.0500,23,71.4722,23,107.91414,59,108.64588,62,90.70431,13,87.38167,7,0.924477,20
Connecticut,66.9794,179,66.9035,172,108.80512,45,113.24401,27,95.96101,60,91.30077,29,0.922509,21
Missouri,72.9469,13,72.7171,14,112.27753,20,115.24790,18,96.55966,72,93.75563,52,0.914786,22
Vanderbilt,68.5369,101,67.4883,144,111.88301,24,117.27357,12,96.97181,79,95.54079,69,0.913489,23
Virginia Tech,66.9145,183,66.0423,220,107.46033,63,111.92727,36,92.98948,29,91.28491,27,0.912491,24
Louisville,69.2055,72,68.3883,101,108.22524,55,111.60134,41,93.75403,36,91.21366,26,0.910510,25
Utah St.,63.6837,305,63.0078,320,111.16941,29,110.03290,51,90.62393,12,89.95433,18,0.910274,26
West Virginia,65.0715,260,63.8658,304,108.06857,58,112.74491,30,99.41869,120,92.27991,40,0.909164,27
Florida,63.8758,299,63.6662,310,107.69323,61,111.69570,40,93.98103,38,91.70412,34,0.906186,28
Nevada Las Vegas,67.5139,145,67.9020,116,105.34943,86,107.42144,80,91.61305,16,88.67303,11,0.900764,29
Belmont,70.8894,37,70.4622,37,113.01805,18,110.10694,50,88.93760,5,90.90826,24,0.900556,30
Cincinnati,64.4409,279,64.8412,273,106.56222,71,107.88597,72,90.08540,8,89.09623,13,0.900305,31
Clemson,65.2024,255,64.6280,281,104.79246,98,107.94682,69,91.74463,18,89.80268,15,0.892475,32
Marquette,69.0880,76,68.6569,86,112.17891,21,115.65921,17,100.87126,159,96.26466,81,0.891947,33
Alabama,66.6341,194,65.7319,233,102.24044,152,104.41452,110,87.46260,2,87.15716,4,0.888701,34
Duquesne,71.9566,25,72.1329,19,108.79063,46,108.23940,65,91.81816,19,90.46494,21,0.887245,35
St. John's,66.4182,205,66.7818,181,104.55671,105,109.97066,52,99.64485,127,92.20454,39,0.883536,36
Kansas St.,69.6850,63,68.6143,89,104.14163,110,108.95738,60,94.97831,47,91.45446,30,0.882241,37
Temple,67.2943,162,67.1827,156,105.55322,83,108.40366,63,91.62842,17,91.29637,28,0.878162,38
St. Mary's,67.5170,144,67.1125,161,117.30696,5,116.34497,15,97.71904,89,98.34300,106,0.873595,39
Xavier,65.3531,250,66.3030,208,108.41358,51,113.21147,28,98.10843,95,95.71561,73,0.873313,40
Minnesota,66.5500,197,66.6493,190,106.90020,68,111.93858,35,101.27979,172,94.78637,60,0.871326,41
New Mexico,67.0472,176,67.0169,165,108.50323,49,110.40387,49,96.36846,67,93.53808,51,0.870618,42
Wichita St.,64.2184,290,65.5414,244,113.25443,15,113.34090,26,94.71913,45,96.38093,82,0.865769,43
Florida St.,70.1635,48,69.9738,48,98.98975,224,101.18929,164,88.27184,4,86.19240,2,0.863507,44
Texas A&M,63.3763,309,62.4845,326,108.51017,48,111.47183,43,95.75856,57,94.96672,61,0.863282,45
Michigan St.,66.4314,202,66.1824,211,104.05941,112,110.91490,47,101.55618,178,94.63178,59,0.861267,46
Nebraska,65.6920,236,64.6179,283,103.08028,131,103.90287,120,89.66477,7,89.22694,14,0.852097,47
Tennessee,68.0250,124,67.1595,159,104.01516,113,108.76686,61,97.83115,90,93.44258,48,0.851496,48
Baylor,67.5137,146,66.7801,182,106.23793,74,109.39149,55,93.58263,32,94.10257,55,0.849578,49
Gonzaga,68.5070,103,68.5818,93,108.76377,47,108.36995,64,96.80503,74,93.31126,47,0.848195,50
Washington St.,69.1855,74,69.0231,70,104.73174,99,106.26239,87,93.61518,33,91.91457,36,0.841322,51
Michigan,62.2490,329,62.9670,321,105.24466,89,109.77472,53,100.65327,155,95.22466,67,0.836881,52
Penn St.,61.2167,339,61.2321,336,105.13140,92,112.03151,34,103.62733,225,97.22405,93,0.836206,53
UCLA,68.1904,115,67.5348,141,103.88361,115,107.67704,74,96.83016,75,93.46577,49,0.835857,54
Richmond,64.6938,276,64.8106,274,109.91690,35,110.49609,48,95.14652,48,96.21106,80,0.830899,55
UAB,63.7849,302,63.4200,315,106.20429,76,107.88210,73,95.53652,53,94.13454,57,0.827443,56
Colorado,68.9730,82,67.7360,126,113.47274,13,114.16482,22,102.90405,206,99.73627,136,0.825463,57
Old Dominion,61.1458,340,61.7192,331,105.45780,85,105.23119,97,94.09788,39,91.98697,37,0.824465,58
Seton Hall,69.0764,77,69.3125,61,95.93759,277,101.08111,168,93.72600,35,88.70247,12,0.817919,59
Southern California,65.0689,261,63.6739,309,101.47599,172,105.72281,92,96.45941,71,92.98744,42,0.813982,60
Northwestern,65.2985,252,65.6925,237,111.26296,26,114.01437,24,104.61939,249,100.52169,153,0.809758,61
Butler,66.0950,219,65.0827,264,109.01597,43,111.80960,38,99.27744,115,98.65733,114,0.808326,62
Georgia,65.8274,228,65.7469,231,103.73220,118,105.92757,91,97.03839,82,93.51866,50,0.807343,63
Colorado St.,67.2095,169,67.0944,162,107.63113,62,109.75357,54,100.49064,150,97.03945,91,0.804692,64
Cleveland St.,66.3303,210,66.6736,189,106.66730,70,107.53241,78,95.37563,51,95.08627,62,0.804489,65
Texas El Paso,67.4170,153,67.6718,130,102.46143,148,102.40423,141,91.82446,20,90.77765,23,0.799940,66
Mississippi,67.6718,134,67.6909,127,110.58610,30,112.64294,31,100.94581,162,99.95870,140,0.798003,67
Indiana,66.7050,189,67.2459,154,107.04495,65,109.16421,56,100.97633,163,96.87245,87,0.797988,68
Miami FL,66.0759,220,65.0193,268,109.73021,36,112.44796,32,103.11613,213,99.81163,139,0.797520,69
Southern Mississippi,67.4865,149,66.9072,171,109.97688,34,111.52939,42,99.41900,121,99.42342,129,0.789407,70
California,69.0153,80,68.5827,92,101.75507,163,109.01699,58,101.88558,187,97.53054,95,0.782516,71
Boston College,64.8345,273,64.4593,287,113.05242,17,118.63709,7,109.74966,325,106.22564,256,0.780878,72
Providence,72.3735,19,72.9824,13,105.79727,80,109.01509,59,100.19578,143,97.75499,98,0.777949,73
Oakland,72.4691,15,73.8457,9,114.40021,10,114.05235,23,104.13863,238,102.37402,186,0.775961,74
Iowa St.,71.1142,32,71.1205,28,105.61886,82,105.60507,93,95.59200,55,95.08917,63,0.769635,75
College of Charleston,68.3130,112,67.6328,136,112.76611,19,112.80745,29,101.29018,173,101.63368,166,0.768442,76
Rutgers,64.8582,272,64.9880,269,102.63958,139,107.57473,77,99.67954,131,97.08968,92,0.764828,77
Missouri St.,62.6759,318,64.1440,295,112.03834,23,110.93439,46,99.53130,124,100.58863,154,0.755072,78
Stanford,65.0551,263,64.8843,271,100.06964,197,103.42930,125,96.45530,70,94.02633,53,0.749530,79
Iona,69.9283,53,69.6125,59,112.09193,22,111.82957,37,99.34432,119,101.66803,168,0.749421,80
Memphis,70.6059,41,69.9356,51,104.57067,104,105.16577,98,97.03049,81,95.60978,72,0.749420,81
Oregon,68.0799,122,67.3171,152,99.40951,211,103.44974,124,98.58030,105,94.11080,56,0.748014,82
Oklahoma St.,66.2278,217,65.7585,229,102.43969,149,106.02064,90,98.75121,109,96.54690,84,0.745823,83
Iowa,67.4152,154,67.7867,123,98.79786,230,101.96695,151,98.53043,104,93.20123,44,0.737634,84
Marshall,68.4854,105,68.2100,108,103.72985,119,104.32111,112,97.24714,84,95.55066,71,0.733000,85
North Carolina St.,67.8094,130,67.4413,147,105.22673,90,107.58052,76,102.79960,203,98.76815,117,0.727671,86
James Madison,67.2714,164,68.6012,91,107.01189,66,107.88688,71,99.67728,130,99.13926,120,0.725600,87
Portland,64.2149,291,63.5783,314,110.21474,32,111.07804,45,104.19140,241,102.29387,185,0.720594,88
Valparaiso,67.0870,174,66.9781,168,102.78403,136,104.17187,115,98.16180,97,96.13496,77,0.715719,89
Princeton,64.3071,286,64.4326,289,105.85993,78,103.91692,119,96.86443,76,96.08528,76,0.711173,90
Montana,63.8353,300,63.9276,301,103.89223,114,100.83428,176,93.33919,31,93.25663,46,0.710624,91
Central Florida,66.0201,222,66.4835,198,104.24614,107,103.09526,131,94.36070,42,95.45873,68,0.707864,92
Arkansas,69.2853,70,68.6622,85,101.10706,174,102.75303,138,93.01133,30,95.17326,65,0.707079,93
Coastal Carolina,67.6050,139,67.6527,133,106.68629,69,104.16643,116,93.64259,34,96.54952,85,0.705419,94
Georgia Tech,69.7192,61,70.0531,47,98.10375,238,101.48131,160,96.06737,63,94.09467,54,0.704557,95
Tulsa,66.4208,204,66.9344,170,104.67281,100,106.08133,89,100.42853,149,98.45380,109,0.702267,96
Virginia Commonwealth,66.2409,216,67.0563,163,108.13876,56,108.11531,66,101.10058,167,100.46432,150,0.699317,97
Bucknell,65.7174,235,66.0871,218,106.22107,75,104.30502,113,97.26621,85,96.94944,88,0.698674,98
Harvard,65.3941,249,66.1615,214,109.10097,42,108.10822,67,99.29426,116,100.49099,151,0.698517,99
Dayton,66.4121,206,66.7670,183,100.77184,184,103.24790,130,96.59049,73,96.01111,75,0.697557,100
Vermont,65.5769,240,65.9536,223,104.11190,111,102.18183,146,91.95165,21,95.10764,64,0.695310,101
Drexel,63.0120,313,64.0156,299,99.79046,200,96.80145,254,92.56541,25,90.10071,19,0.695284,102
Fairfield,65.5061,244,66.0899,217,99.51330,210,98.34313,225,87.61047,3,91.57880,32,0.694135,103
Long Beach St.,70.2856,47,70.3391,40,102.80338,134,105.16498,99,101.55432,177,98.07198,104,0.690622,104
Pacific,60.6864,341,60.5934,340,105.15009,91,105.58708,94,99.60202,125,98.62890,113,0.686536,105
Buffalo,67.9483,126,67.1364,160,106.38475,72,105.07257,101,95.58882,54,98.55263,112,0.676273,106
Boise St.,68.0837,120,68.4368,99,105.01936,94,105.38524,95,98.42270,101,99.62085,131,0.656309,107
South Dakota St.,68.4036,108,68.8328,75,118.50320,2,114.49836,19,103.99370,236,108.30886,291,0.654549,108
Rider,68.4273,107,69.0732,69,105.98817,77,105.08414,100,97.65758,88,99.75715,137,0.645258,109
East Tennessee St.,65.8042,230,65.6418,238,103.54385,121,102.33870,142,96.41528,68,97.28941,94,0.641499,110
Northern Iowa,59.3833,343,60.1805,342,105.49251,84,107.04250,83,100.99021,164,101.94431,177,0.636728,111
Creighton,62.8349,316,64.0257,298,107.44292,64,107.49091,79,100.83666,158,102.43919,188,0.634965,112
South Carolina,68.5002,104,69.2642,63,98.61402,232,100.48839,183,97.89369,91,95.82171,74,0.633406,113
Northern Colorado,65.7557,234,66.8692,173,105.04427,93,102.92354,133,99.95045,139,98.26894,105,0.629996,114
Wright St.,62.4671,325,62.7730,323,102.05969,154,103.32352,127,99.17014,113,98.69045,115,0.628919,115
Arizona St.,64.4312,280,63.7681,307,98.15246,237,103.28626,128,102.90476,207,98.71875,116,0.627180,116
Morehead St.,63.6390,306,64.7705,276,105.82726,79,102.32018,143,96.08781,64,97.88273,100,0.624777,117
Rhode Island,67.3242,160,67.3369,151,101.71992,164,101.73144,156,99.62940,126,97.54464,96,0.618527,118
Virginia,61.9459,333,60.8312,339,99.62206,204,101.88079,152,100.62397,154,97.77102,99,0.616215,119
New Mexico St.,69.1323,75,69.1165,68,101.07834,175,103.50107,123,101.62949,180,99.36631,127,0.615110,120
Indiana St.,65.1312,259,66.7529,184,100.03504,198,100.58659,180,98.87888,111,96.61400,86,0.613820,121
IUPUI,62.8164,317,62.6417,324,108.27358,54,109.05191,57,107.40997,296,104.75137,233,0.613653,122
Akron,67.2938,163,67.6583,131,102.66468,138,101.86282,154,97.01288,80,97.93047,101,0.611292,123
South Florida,63.2294,310,62.9201,322,95.77651,279,100.30366,191,101.63705,181,96.43214,83,0.611274,124
Long Island,75.1570,8,74.6370,5,109.26423,40,106.65488,85,98.08240,94,102.73155,193,0.606114,125
Air Force,61.9852,331,60.9413,337,103.27744,129,104.78368,104,103.53891,223,100.97756,158,0.604798,126
Wofford,64.8907,270,65.3460,254,109.28672,39,107.03670,84,103.73727,227,103.16311,203,0.604415,127
Oklahoma,65.8400,227,65.6144,240,100.49800,189,102.83274,135,101.90772,189,99.20762,123,0.601741,128
Weber St.,65.5259,243,65.3503,253,108.28757,53,108.00372,68,104.35033,245,104.22322,226,0.601029,129
Furman,64.1451,293,63.6588,311,107.76757,60,104.81830,103,100.33376,146,101.17043,160,0.600453,130
Kent St.,67.2707,165,68.1766,109,101.60413,168,100.42684,186,95.72303,56,96.96187,89,0.599597,131
St. Bonaventure,65.4011,248,65.0444,266,102.61606,140,104.65434,106,101.52651,176,101.28250,163,0.593057,132
Central Connecticut,67.5513,141,67.8355,121,103.50400,123,101.18224,165,94.77290,46,98.05975,103,0.589157,133
Utah,69.2590,71,69.9707,49,99.62739,203,102.66554,139,104.31257,244,99.61289,130,0.585921,134
UC Santa Barbara,65.0479,265,65.2732,256,104.55259,106,104.72778,105,101.69079,182,101.72625,171,0.582832,135
Texas Tech,71.0236,34,70.7733,33,102.34069,150,106.12802,88,106.60743,280,103.44140,211,0.573188,136
Austin Peay,67.7357,132,67.8668,119,104.19090,108,101.97404,150,98.68497,108,99.41371,128,0.572590,137
Idaho,65.5293,242,65.0740,265,100.17928,193,102.04616,148,98.38802,100,99.75784,138,0.564837,138
Hofstra,65.1417,258,66.6280,192,105.63104,81,106.33047,86,105.58165,264,103.96301,220,0.564376,139
Northern Arizona,65.3450,251,66.4200,203,108.06941,57,105.28528,96,102.39347,199,103.04781,200,0.561444,140
Mississippi St.,67.8344,129,68.3535,104,100.78661,183,102.91722,134,102.59320,201,100.80902,156,0.559225,141
Wisconsin Milwaukee,66.5710,195,67.0443,164,101.45024,173,102.19952,145,102.59768,202,100.31231,147,0.553382,142
Oral Roberts,67.6351,136,67.1754,157,109.53655,37,107.66197,75,107.85819,307,105.85882,248,0.548407,143
Nevada,68.4527,106,68.8048,76,100.75775,185,102.94281,132,103.81410,231,101.24832,162,0.547573,144
Stephen F. Austin,62.4116,327,61.4391,334,101.02527,177,96.79492,255,90.41673,9,95.20741,66,0.547400,145
Cal Poly,61.7375,336,60.8385,338,97.19351,261,97.12142,244,95.17403,49,95.54784,70,0.546825,146
Detroit,70.5550,43,70.9676,31,101.77216,161,103.39181,126,101.34513,174,101.78277,173,0.544972,147
Santa Clara,68.0818,121,67.9624,113,104.61669,101,103.27482,129,102.93567,209,101.66805,169,0.544960,148
Davidson,68.0928,119,68.5332,96,102.49527,146,101.65133,158,100.38097,148,100.17071,144,0.542085,149
Oregon St.,70.9464,36,70.4078,39,97.48962,254,99.70385,205,100.71507,157,98.41898,107,0.537222,150
East Carolina,65.7670,232,66.4967,197,102.60739,141,104.29490,114,103.98855,235,102.98165,198,0.536367,151
Murray St.,63.7840,303,63.7806,306,104.60527,102,101.65157,157,96.95454,77,100.45882,149,0.533882,152
St. Louis,64.2594,288,64.7026,279,96.10703,273,97.11625,245,99.86424,137,96.14165,79,0.528965,153
Southern Methodist,61.7869,334,61.3145,335,105.32283,88,103.59064,121,101.18141,171,102.58268,191,0.528082,154
Lipscomb,72.2781,20,70.9988,30,103.81132,117,104.36149,111,101.62810,179,103.35923,208,0.527716,155
St. Peter's,65.1735,257,65.5235,247,91.85850,313,92.57481,300,90.56567,10,91.73595,35,0.526147,156
Jacksonville,68.1016,118,68.6194,88,97.78480,246,97.78356,234,94.19384,40,97.01055,90,0.522802,157
Rice,64.3295,284,64.5013,286,103.53632,122,104.97616,102,105.72080,266,104.32036,228,0.518009,158
Loyola Chicago,66.2505,215,66.3346,205,105.32611,87,102.81530,136,99.77562,135,102.20729,182,0.517046,159
San Francisco,66.6940,192,66.7936,179,98.45214,233,99.65473,206,102.51515,200,99.26182,126,0.511356,160
NC Asheville,70.6696,39,70.4079,38,99.34860,215,99.53222,208,98.37382,99,99.20368,122,0.509504,161
Fresno St.,67.2568,167,66.0528,219,98.23795,235,99.87865,198,100.88347,160,99.70379,134,0.505038,162
Evansville,65.9584,224,67.4001,150,99.92071,199,99.79409,201,101.70340,183,99.65542,132,0.503998,163
Wisconsin Green Bay,66.4287,203,66.9823,167,101.50513,171,102.23603,144,105.60182,265,102.37621,187,0.496061,164
George Washington,65.4650,246,65.1654,258,99.40628,212,100.47911,185,101.17133,169,100.75933,155,0.491994,165
Robert Morris,66.2894,213,65.5523,242,99.54074,208,99.71171,204,98.86905,110,100.20117,145,0.485925,166
Yale,67.6172,137,67.6834,128,99.60747,205,98.53210,221,99.31974,117,99.21440,124,0.480171,167
Ball St.,65.1972,256,65.4246,250,102.32033,151,100.12518,193,97.34012,86,101.17903,161,0.469934,168
Massachusetts,68.3859,109,68.0309,111,97.53809,251,97.85513,232,99.67358,129,98.91057,118,0.469196,169
Hawaii,67.5691,140,66.7993,176,97.74695,249,97.39246,239,97.46199,87,98.49536,110,0.467671,170
Ohio,68.6227,97,68.6810,83,104.81183,97,104.62066,108,103.62558,224,105.82087,245,0.467252,171
Boston University,64.0094,296,64.8434,272,103.44665,126,102.02588,149,100.66491,156,103.27993,207,0.464935,172
Quinnipiac,69.7780,57,69.1485,67,103.56066,120,100.92556,173,98.05481,93,102.24371,184,0.462763,173
Canisius,67.6986,133,65.7084,234,100.83959,180,101.08513,167,99.26544,114,102.54061,190,0.458992,174
IUPU Fort Wayne,67.0644,175,66.5491,193,108.45501,50,104.48202,109,103.08686,212,106.08523,250,0.456332,175
Tulane,66.3006,212,66.6326,191,102.13093,153,100.31787,189,100.16295,142,101.87626,175,0.455797,176
La Salle,72.1315,22,72.4504,16,104.18567,109,104.10132,117,106.29465,276,105.78963,244,0.453879,177
Texas Christian,68.7241,94,68.6128,90,99.10590,223,100.31326,190,103.13834,215,101.94825,178,0.453652,178
American,62.4534,326,62.3081,327,103.45530,125,100.97138,171,100.90948,161,102.74354,194,0.450144,179
Pennsylvania,64.4583,278,64.5895,284,100.55838,188,100.41607,187,103.69271,226,102.24301,183,0.448348,180
North Texas,69.7846,56,68.9716,73,109.97820,33,107.37064,81,105.90493,270,109.60926,303,0.440951,181
Florida Atlantic,63.9769,298,63.9584,300,102.47310,147,99.84329,200,101.85941,186,101.99845,179,0.438909,182
Loyola MD,66.7235,188,66.7509,185,100.79751,182,100.92586,172,99.66854,128,103.23005,205,0.435462,183
Middle Tennessee,67.3853,157,67.6526,134,101.66652,166,97.90258,231,100.51925,151,100.33780,148,0.429829,184
North Dakota St.,68.1038,117,68.3706,102,108.31368,52,104.63244,107,104.52594,248,107.24415,274,0.429590,185
Western Carolina,68.9221,88,69.2807,62,98.05399,239,96.71933,256,99.46958,122,99.14041,121,0.429394,186
NC Wilmington,61.7587,335,63.1560,319,101.57484,169,101.05989,169,104.96484,254,103.65965,215,0.427491,187
Charlotte,66.4430,200,65.9592,222,97.92301,242,99.45354,210,102.24396,192,102.01578,180,0.427386,188
Miami OH,63.9911,297,64.0982,296,100.11413,195,103.54160,122,107.43803,297,106.21755,255,0.427164,189
Denver,59.3275,344,58.7851,344,103.01358,132,100.80536,178,103.78020,230,103.56111,213,0.423076,190
DePaul,68.9001,89,68.7971,79,97.19345,262,101.87540,153,107.77773,305,104.89110,234,0.416908,191
Western Michigan,67.5228,142,67.6752,129,102.01756,155,101.23022,163,103.13015,214,104.22714,227,0.416899,192
Delaware,62.8366,315,64.3443,292,98.35447,234,98.35154,224,102.95979,210,101.31250,164,0.415540,193
Lehigh,71.4102,29,71.8162,20,102.54488,144,100.50939,182,99.09167,112,103.56969,214,0.414613,194
Houston,66.5032,199,66.3246,206,99.51791,209,99.62480,207,101.71520,184,102.95885,197,0.406474,195
Liberty,67.2704,166,66.4573,199,97.76291,248,96.35332,261,97.05312,83,99.69438,133,0.403235,196
Cornell,66.6974,191,67.4002,149,99.58387,207,100.82650,177,104.17358,239,104.40846,230,0.400962,197
Sam Houston St.,68.8317,91,68.9862,72,102.78427,135,102.50661,140,104.06843,237,106.23016,257,0.398833,198
Maine,65.2082,254,66.6827,188,105.01532,95,102.80242,137,102.80975,204,106.57264,261,0.397904,199
Drake,65.0577,262,66.1042,216,97.29892,258,98.02293,230,102.25099,193,101.71782,170,0.395199,200
Virginia Military Inst,77.5578,1,77.1840,1,109.15529,41,107.93276,70,106.96700,286,112.15463,325,0.391442,201
San Jose St.,69.9238,54,69.6407,58,101.54191,170,102.04656,147,104.62721,250,106.08697,251,0.390182,202
Arkansas St.,65.0199,266,65.7434,232,101.90548,158,100.05312,195,103.36098,220,104.06085,223,0.388967,203
Siena,68.9416,85,69.8104,54,97.49253,253,96.92544,250,99.72812,134,100.94507,157,0.385256,204
Nicholls St.,62.9819,314,62.2667,328,99.73621,201,98.76964,218,101.47121,175,102.95046,196,0.383017,205
Northeastern,62.5179,322,63.6421,313,104.59694,103,107.23005,82,112.02552,337,111.82208,323,0.381727,206
Columbia,68.9607,84,68.7186,82,104.93112,96,101.59539,159,104.69134,251,106.03838,249,0.379368,207
Hampton,67.0191,178,67.2514,153,96.25846,271,91.91406,305,90.82400,14,96.13984,78,0.373572,208
Loyola Marymount,68.0542,123,67.4691,145,99.33011,217,99.25017,214,103.30631,217,103.84236,216,0.372817,209
Saint Joseph's,65.4145,247,65.1548,259,97.87018,243,100.90463,174,106.97005,287,105.63273,242,0.371307,210
Western Kentucky,70.4409,46,69.9683,50,100.70504,186,98.81904,217,101.18003,170,103.49218,212,0.370198,211
Texas Arlington,69.6985,62,67.8787,118,96.85724,266,95.82656,269,98.62627,106,100.50467,152,0.366296,212
Wyoming,66.7318,187,66.3106,207,96.00261,276,97.00008,249,103.77625,229,101.81333,174,0.364257,213
Winthrop,67.3076,161,66.7360,186,93.59662,302,93.66420,286,96.95502,78,98.44894,108,0.360556,214
UC Irvine,72.1338,21,71.6847,22,100.92734,179,100.35276,188,103.31045,218,105.85762,247,0.351116,215
North Florida,68.2323,114,67.2260,155,94.55547,288,97.62048,236,104.17897,240,103.00131,199,0.350458,216
UC Davis,67.9732,125,68.3029,106,99.33911,216,100.08213,194,105.37785,261,105.69082,243,0.348178,217
Pepperdine,67.4686,152,67.5792,139,100.82921,181,101.15383,166,108.91257,320,106.83937,267,0.347767,218
Bradley,65.9720,223,66.7842,180,97.24523,260,99.35592,211,105.23823,259,104.94899,236,0.347554,219
Appalachian St.,68.5960,99,67.6396,135,103.39634,127,101.37060,161,108.29106,313,107.09133,269,0.347207,220
Arkansas Little Rock,64.3947,281,65.4976,248,101.86709,160,99.24623,215,104.76469,253,104.92882,235,0.345179,221
Eastern Kentucky,61.9719,332,61.7722,330,103.49851,124,100.85100,175,102.35946,195,106.67347,264,0.344010,222
William & Mary,63.1401,311,64.4590,288,98.97389,226,101.23900,162,108.79086,318,107.20528,271,0.341075,223
Mercer,67.4743,151,66.7946,177,97.52364,252,96.84917,252,99.69556,133,102.64483,192,0.338860,224
Georgia St.,64.2606,287,64.9596,270,96.27141,270,93.53682,287,98.62873,107,99.21441,125,0.336781,225
Charleston Southern,67.4831,150,67.1603,158,101.88475,159,100.53402,181,102.81563,205,106.65257,263,0.336390,226
Louisiana St.,65.6702,237,65.3862,251,94.41150,292,92.87460,296,98.15410,96,98.54177,111,0.336005,227
Holy Cross,65.7804,231,65.6931,236,99.35187,214,98.43594,223,102.92998,208,104.61718,231,0.331730,228
McNeese St.,67.5227,143,66.4383,201,101.68761,165,100.04225,196,105.08350,257,106.45935,260,0.328503,229
Lamar,75.1661,7,74.5009,6,102.55358,143,99.07169,216,103.96556,234,105.42990,239,0.328422,230
Southern Illinois,64.2200,289,65.0892,263,95.17211,283,93.78534,283,100.59018,152,99.97865,141,0.324010,231
Louisiana Tech,68.8327,90,67.9219,115,94.53787,289,93.99314,281,99.68746,132,100.24280,146,0.322940,232
Wagner,67.8963,127,68.4640,97,97.24876,259,96.69070,257,100.34563,147,103.27446,206,0.319181,233
Texas St.,75.7574,3,75.1083,3,100.31234,192,97.32781,242,102.38699,198,104.08554,224,0.316052,234
Tennessee St.,64.8693,271,65.4660,249,101.96641,157,101.78141,155,107.45054,299,108.87940,297,0.315344,235
St. Francis NY,67.4900,147,67.4370,148,98.02690,240,95.44818,273,98.51644,103,102.18556,181,0.313377,236
Louisiana Lafayette,70.5383,44,70.5707,36,99.30851,218,97.02736,248,103.31894,219,104.12837,225,0.307409,237
Texas San Antonio,69.7387,60,69.1875,66,99.10860,222,97.13673,243,102.00725,191,104.34866,229,0.304998,238
Tennessee Tech,70.5184,45,71.0690,29,100.33562,191,97.38384,240,102.35992,196,104.70290,232,0.302934,239
Albany,61.3495,337,61.6383,332,98.96761,228,97.80940,233,101.80791,185,105.33336,238,0.298959,240
Illinois St.,62.5947,319,63.8381,305,96.31399,269,94.37170,278,101.00425,165,101.64363,167,0.298665,241
Wake Forest,71.1404,31,70.2428,43,96.87175,265,99.26436,213,108.70534,316,107.20791,272,0.292079,242
Brown,68.9404,86,69.6665,57,100.70332,187,99.85417,199,106.06390,272,107.91806,282,0.290469,243
Auburn,65.8241,229,66.1617,213,93.60705,301,95.30467,274,101.09933,166,103.13660,201,0.287365,244
Elon,70.0245,51,68.9392,74,101.60422,167,100.15947,192,107.53326,301,108.40339,292,0.287081,245
Cal St. Northridge,69.5271,66,68.7973,78,99.37242,213,99.49633,209,106.64956,281,107.92590,283,0.281865,246
Utah Valley,69.4438,67,67.4488,146,103.83396,116,98.73390,219,101.89167,188,107.12818,270,0.281229,247
Texas Southern,67.1882,171,65.5463,243,93.58915,303,93.50919,289,96.18070,65,101.72877,172,0.275104,248
Morgan St.,69.5847,64,68.7360,81,98.80400,229,95.48514,272,100.20558,144,103.89337,217,0.274774,249
Missouri Kansas City,66.9188,181,65.7069,235,102.71505,137,98.03757,229,105.52245,262,106.75344,266,0.272997,250
Campbell,66.5307,198,66.1376,215,100.17068,194,96.89468,251,103.27857,216,105.58047,241,0.271453,251
Lafayette,67.3873,156,66.8130,175,100.09182,196,98.64785,220,106.31396,277,107.52118,278,0.270811,252
Illinois Chicago,65.5035,245,65.6276,239,93.34913,304,94.25596,279,104.41009,247,102.87261,195,0.267765,253
Youngstown St.,68.9706,83,69.9297,52,96.15313,272,97.41941,238,107.26523,292,106.32770,258,0.267714,254
Coppin St.,68.5245,102,68.6721,84,102.53989,145,100.48062,184,107.36716,295,109.75049,305,0.266039,255
Cal St. Fullerton,68.7557,93,68.9961,71,101.97847,156,100.60908,179,108.77140,317,110.04883,309,0.262824,256
Eastern Michigan,67.4027,155,67.7994,122,89.20133,326,89.31031,320,96.44740,69,98.00167,102,0.255788,257
Northern Illinois,69.5517,65,69.3381,60,100.42297,190,99.89702,197,109.13626,321,109.67612,304,0.254642,258
Presbyterian,61.2588,338,60.5362,341,97.77614,247,97.34817,241,105.92072,271,107.01841,268,0.251782,259
Army,68.2845,113,68.5694,95,102.59064,142,99.30834,212,104.72058,252,109.21438,299,0.250968,260
Stony Brook,63.4720,308,64.2065,293,91.02947,320,88.74872,325,95.52152,52,97.65533,97,0.249776,261
Montana St.,65.7638,233,66.4344,202,99.13945,221,98.11027,228,106.20385,274,108.13110,288,0.246308,262
Mount St. Mary's,65.5647,241,65.7589,228,91.93168,311,91.48755,310,99.47786,123,100.99847,159,0.242802,263
New Hampshire,62.5720,321,63.6985,308,91.84438,314,89.59288,317,96.01881,62,98.91260,119,0.242679,264
Towson,66.1312,218,66.5128,195,103.11534,130,103.98290,118,114.55575,341,114.83947,339,0.241944,265
Southeastern Louisiana,67.0950,173,65.8518,226,97.94019,241,97.46406,237,105.55681,263,107.67549,280,0.241250,266
Jackson St.,67.1041,172,65.8582,225,95.04029,284,93.36413,291,95.96958,61,103.16006,202,0.240963,267
Bowling Green,65.8615,226,65.7513,230,93.77640,299,93.97291,282,100.59925,153,103.93925,219,0.238812,268
Troy,71.4306,28,71.7090,21,97.44996,255,96.08588,263,107.49735,300,106.36461,259,0.237081,269
The Citadel,64.0926,294,63.8969,302,99.20773,220,98.44992,222,108.83126,319,109.44058,300,0.228449,270
Northwestern St.,75.6421,5,73.2728,10,101.01562,178,96.82782,253,103.51239,222,108.19323,289,0.218177,271
Florida International,69.9075,55,69.1923,65,102.82881,133,101.03599,170,109.48513,324,112.99775,332,0.216404,272
Portland St.,68.6255,96,68.5788,94,103.36096,128,99.78328,202,109.47237,323,111.67823,321,0.214984,273
Eastern Washington,66.4422,201,65.2378,257,97.58118,250,97.07600,247,108.51494,315,108.72654,294,0.213588,274
Chattanooga,70.8232,38,70.2569,42,97.86090,244,95.78203,270,107.02736,288,107.38171,276,0.211715,275
Sacred Heart,66.9063,184,66.5073,196,95.65023,280,95.12227,275,102.36448,197,106.70866,265,0.210519,276
North Carolina A&T,69.7444,59,70.1436,46,99.58976,206,98.13080,227,107.57485,302,110.09732,310,0.210281,277
Southern Utah,68.6223,98,68.2487,107,99.66100,202,95.95981,267,108.26341,312,108.01598,286,0.204074,278
UC Riverside,66.3689,207,65.9045,224,94.62763,287,93.12860,292,106.65314,282,105.03443,237,0.200443,279
Monmouth,64.5874,277,64.3843,290,92.51568,309,91.44505,312,100.14841,141,103.17673,204,0.199710,280
Savannah St.,63.8328,301,64.0931,297,87.23234,335,88.69099,326,99.33333,118,100.06962,142,0.199705,281
NC Greensboro,71.9059,26,71.4667,24,97.83323,245,97.76861,235,112.51176,339,110.78445,317,0.191963,282
Central Michigan,64.9688,268,65.1069,261,89.31239,325,87.91895,330,98.49800,102,99.70397,135,0.190527,283
Gardner Webb,65.5844,239,64.7031,278,91.53533,317,91.56996,309,103.84880,232,103.92722,218,0.189117,284
Idaho St.,64.7800,275,65.3428,255,96.50656,267,95.90869,268,110.33429,329,108.85934,296,0.188989,285
San Diego,65.6253,238,64.6659,280,90.43561,322,91.60419,307,107.71994,304,104.05714,222,0.187578,286
Fordham,67.4875,148,67.8479,120,94.43854,291,94.65011,277,106.91719,285,107.57123,279,0.186698,287
Navy,72.7205,14,71.1502,27,91.88496,312,89.63693,316,100.25958,145,101.91923,176,0.185918,288
Bethune Cookman,62.4792,324,62.5973,325,99.28797,219,95.53465,271,106.43292,278,108.75285,295,0.183881,289
Seattle,75.7085,4,74.9215,4,91.37734,318,89.22195,321,101.14597,168,101.56816,165,0.183857,290
St. Francis PA,67.3613,158,66.7936,178,95.64389,281,96.67678,258,107.95440,309,110.26209,311,0.180628,291
Delaware St.,59.9634,342,59.4981,343,101.77067,162,99.72339,203,110.04031,326,113.75593,334,0.180342,292
Jacksonville St.,62.5890,320,63.2929,317,94.44019,290,92.81291,297,103.88939,233,106.08895,252,0.176905,293
South Dakota,72.4146,17,72.5132,15,101.04976,176,96.11645,262,104.38430,246,110.51301,315,0.167272,294
Norfolk St.,70.5913,42,70.7407,35,98.63799,231,97.10460,246,107.13354,291,111.77969,322,0.165409,295
Florida Gulf Coast,70.0694,49,69.2010,64,94.05891,294,93.74820,285,107.71862,303,107.98393,284,0.164413,296
Niagara,68.6509,95,67.9504,114,89.15372,328,89.51243,318,103.03840,211,103.39386,210,0.160040,297
Cal St. Bakersfield,69.7576,58,70.2424,44,98.97619,225,95.07837,276,108.05492,311,109.84155,306,0.159778,298
North Carolina Central,66.9740,180,67.7483,125,96.92423,264,93.52995,288,104.28665,243,108.09885,287,0.159120,299
South Alabama,69.3670,69,67.7572,124,98.18413,236,96.08570,264,107.26857,293,111.27516,320,0.156065,300
Tennessee Martin,69.9860,52,69.6946,56,95.30890,282,93.02183,295,106.48500,279,107.81481,281,0.154834,301
Hartford,64.0913,295,64.7534,277,91.09116,319,89.15038,322,99.83041,136,103.39213,209,0.153898,302
Mississippi Valley St.,75.4481,6,74.2638,7,91.69626,316,92.14884,303,101.91983,190,107.26913,275,0.148393,303
North Dakota,67.3440,159,67.5133,142,96.05246,274,91.97036,304,103.74375,228,107.49560,277,0.142606,304
Bryant,66.9051,185,66.2907,210,97.38321,256,96.39395,260,111.56411,334,112.70977,330,0.142060,305
Sacramento St.,64.3258,285,65.0298,267,93.94955,297,92.27657,301,107.09333,290,108.00465,285,0.140648,306
Southeast Missouri St.,67.7579,131,68.4363,100,97.09669,263,95.99409,266,107.94187,308,112.46327,329,0.139325,307
Stetson,66.5670,196,66.2910,209,94.05855,295,93.39563,290,107.29661,294,109.55676,302,0.137599,308
High Point,68.9750,81,68.3695,103,93.89606,298,92.63809,299,105.84237,269,108.89648,298,0.134759,309
Samford,62.3430,328,61.5941,333,96.31974,268,93.76561,284,106.71156,283,110.34860,313,0.133226,310
Binghamton,62.2339,330,63.3629,316,96.04584,275,96.40471,259,111.59276,335,114.51276,338,0.121371,311
Alabama A&M,70.6236,40,69.8140,53,86.77896,337,84.14143,339,92.80355,27,100.13366,143,0.119090,312
Colgate,67.8704,128,67.5116,143,94.84476,286,94.16763,280,110.19108,328,112.21613,326,0.117478,313
Manhattan,64.3574,283,64.5864,285,92.45769,310,92.70322,298,108.49778,314,110.50471,314,0.117116,314
Fairleigh Dickinson,67.2424,168,66.9779,169,93.28795,305,91.47450,311,105.75975,267,109.44113,301,0.112820,315
NJ Inst of Technology,68.7918,92,66.8500,174,95.91584,278,90.75134,313,105.32045,260,108.60422,293,0.112520,316
Eastern Illinois,63.1083,312,63.6427,312,93.21513,306,90.21069,315,105.08069,256,108.27306,290,0.109209,317
Kennesaw St.,66.0719,221,65.3807,252,97.37576,257,96.00907,265,111.12610,332,115.51341,341,0.106514,318
South Carolina Upstate,64.3678,282,64.6253,282,88.65131,330,88.19994,328,105.82892,268,106.17307,253,0.105946,319
Dartmouth,65.9318,225,65.5774,241,87.49603,333,86.35773,334,103.42137,221,104.03012,221,0.105166,320
Texas A&M Corpus Chris,64.8120,274,64.1476,294,89.17180,327,88.41734,327,107.44396,298,106.64078,262,0.103858,321
Longwood,72.4106,18,70.7995,32,98.97303,227,98.33367,226,116.62170,344,118.72628,344,0.102733,322
Marist,66.6585,193,66.0018,221,90.15701,323,92.18947,302,110.65326,330,112.27635,327,0.093906,323
Louisiana Monroe,63.5160,307,63.2793,318,93.97628,296,93.05873,294,109.36301,322,113.40274,333,0.093323,324
Florida A&M,68.3672,110,68.7382,80,89.54559,324,86.84354,331,102.28058,194,106.19191,254,0.090043,325
Radford,67.0277,177,66.9912,166,85.89848,339,86.21564,335,105.22714,258,105.51805,240,0.089207,326
Georgia Southern,69.0298,79,68.4516,98,90.46993,321,88.93849,323,110.95018,331,109.97265,308,0.080077,327
Alabama St.,66.7050,190,65.5276,246,87.40665,334,86.66348,332,99.99432,140,107.24148,273,0.079433,328
Toledo,64.1793,292,64.3815,291,88.47003,331,89.42046,319,110.05609,327,110.70033,316,0.079074,329
Western Illinois,62.5108,323,62.0302,329,88.86159,329,85.05068,337,106.78928,284,105.83259,246,0.074880,330
MD Baltimore County,67.6067,138,68.3474,105,93.72001,300,93.06870,293,114.03125,340,115.88984,342,0.074332,331
Texas Pan American,69.2042,73,66.7315,187,94.88177,285,91.60138,308,111.24407,333,114.91383,340,0.068659,332
Central Arkansas,72.4165,16,71.1808,25,92.89033,307,90.70711,314,111.79644,336,113.80085,335,0.068602,333
South Carolina St.,68.1499,116,68.1460,110,92.66652,308,88.87315,324,108.01770,310,111.97335,324,0.065554,334
Arkansas Pine Bluff,68.9395,87,67.8880,117,85.73649,340,86.13158,336,104.19709,242,111.26658,319,0.049992,335
Maryland Eastern Shore,68.5426,100,68.8024,77,94.29633,293,91.77806,306,115.57874,343,118.71309,343,0.049296,336
Houston Baptist,74.5935,10,72.4409,17,91.73727,315,88.19052,329,107.82279,306,114.11370,336,0.049102,337
Howard,66.3150,211,66.1624,212,87.04509,336,84.64740,338,106.26466,275,110.31699,312,0.045393,338
Grambling,71.1913,30,69.7155,55,81.15040,345,78.32510,345,95.94900,59,102.50039,189,0.043377,339
Prairie View A&M,69.3966,68,68.6214,87,84.42637,341,83.87390,340,106.13075,273,109.96500,307,0.042503,340
Alcorn St.,77.1671,2,76.4693,2,83.83910,342,83.84821,341,105.06713,255,111.23198,318,0.037326,341
SIU Edwardsville,70.0436,50,70.7599,34,86.02019,338,83.49814,342,112.13493,338,112.38232,328,0.031785,342
Chicago St.,74.7138,9,73.0336,12,88.30022,332,86.48068,333,117.44305,345,119.96952,345,0.022662,343
Centenary,71.0058,35,70.3166,41,81.94440,344,80.33191,344,115.35310,342,112.89613,331,0.019580,344
Southern,66.9155,182,65.1109,260,82.45942,343,80.75685,343,107.03263,289,114.16331,337,0.018322,345
