Rk,Team,Conf,W-L,NetRtg,ORtg,DRtg,AdjT,Luck,NCSOS_NetRtg,NCSOS_ORtg,NCSOS_DRtg,NCSOS_NetRtg
1,Duke 1,ACC,31-3,+38.15,128.0,3,89.8,4,65.7,266,-.019,229,+10.03,56,112.4,48,102.4,63,+9.30,21
2,Florida 1,SEC,30-4,+36.16,128.6,1,92.4,10,69.6,59,+.007,159,+14.42,17,114.5,17,100.0,19,-2.02,234
3,Houston 1,B12,30-4,+35.44,123.2,10,87.8,2,61.4,360,+.015,137,+13.66,24,113.5,34,99.9,17,+2.57,100
4,Auburn 1,SEC,28-5,+35.05,128.4,2,93.4,12,67.6,153,+.030,100,+18.98,2,117.1,2,98.1,2,+10.08,19
5,Tennessee 2,SEC,27-7,+31.15,120.3,18,89.1,3,63.6,346,+.016,134,+15.96,6,116.6,4,100.7,32,-0.88,202
6,Alabama 2,SEC,25-8,+29.93,126.5,4,96.6,32,74.9,1,+.029,103,+19.49,1,118.2,1,98.7,3,+11.76,10
7,Texas Tech 3,B12,25-8,+28.05,125.3,5,97.2,37,65.4,281,-.045,293,+11.25,50,111.8,57,100.6,31,-4.63,306
8,Michigan St. 2,B10,27-6,+27.57,118.1,27,90.6,5,67.7,144,-.009,206,+13.34,27,114.2,24,100.8,39,+0.34,160
9,Gonzaga 8,WCC,25-8,+27.29,123.6,9,96.3,29,70.2,46,-.074,341,+7.01,72,110.8,74,103.8,81,+8.88,23
10,Iowa St. 3,B12,24-9,+27.00,119.4,20,92.4,9,68.6,102,-.048,298,+12.63,36,113.3,38,100.7,38,-0.89,205
11,St. John's 2,BE,30-4,+26.38,113.9,65,87.5,1,70.1,49,-.019,232,+9.11,61,111.8,60,102.7,65,-0.00,169
12,Maryland 4,B10,25-8,+26.35,118.1,28,91.8,6,69.8,56,-.038,280,+10.93,52,113.0,42,102.1,56,-10.47,359
13,Wisconsin 3,B10,26-9,+25.98,122.0,13,96.0,27,67.6,152,-.033,270,+13.86,22,114.2,22,100.4,26,-0.16,178
14,Arizona 4,B12,22-12,+25.73,122.5,12,96.8,33,69.9,54,-.049,303,+16.39,4,115.2,7,98.8,4,+5.09,50
15,Missouri 6,SEC,22-11,+24.42,125.3,6,100.9,73,68.2,121,-.048,297,+13.03,32,113.7,26,100.7,37,-9.41,355
16,Kentucky 3,SEC,22-11,+24.26,123.8,8,99.5,57,70.9,23,+.007,157,+17.84,3,116.8,3,99.0,6,+3.71,76
17,Texas A&M 4,SEC,22-10,+24.08,116.2,44,92.1,7,66.1,237,+.001,177,+16.14,5,115.5,5,99.3,10,+7.04,40
18,Clemson 5,ACC,27-6,+23.92,118.7,24,94.7,16,64.2,327,-.032,267,+8.30,68,111.4,63,103.1,74,+3.67,78
19,Purdue 4,B10,22-11,+23.84,124.2,7,100.4,63,65.0,297,-.007,197,+15.71,9,115.4,6,99.7,15,+10.30,18
20,Illinois 6,B10,21-12,+23.56,121.6,15,98.1,41,71.3,18,-.018,227,+15.93,7,115.0,10,99.0,7,+3.34,85
21,Kansas 7,B12,21-12,+23.26,116.0,47,92.7,11,68.4,113,-.024,250,+15.48,12,114.8,12,99.3,9,+8.59,29
22,Saint Mary's 7,WCC,28-5,+23.09,115.3,56,92.2,8,61.7,359,+.005,163,+5.35,90,111.0,71,105.6,123,+5.13,48
23,Louisville 8,ACC,27-7,+22.64,118.1,29,95.5,21,68.7,90,+.058,54,+10.34,54,112.6,46,102.3,59,+7.05,39
24,BYU 6,B12,24-9,+22.39,123.0,11,100.6,68,67.2,180,+.036,85,+11.12,51,111.8,58,100.7,34,-7.70,346
25,Michigan 5,B10,25-9,+22.28,116.0,46,93.7,14,69.4,65,+.070,42,+14.85,13,114.4,18,99.6,11,+3.72,75
26,Mississippi 6,SEC,22-11,+22.09,117.8,31,95.8,25,68.0,130,+.018,130,+15.80,8,115.1,8,99.3,8,-0.63,197
27,UCLA 7,B10,22-10,+21.76,116.8,35,95.1,17,64.9,301,-.008,202,+12.55,37,113.6,28,101.1,45,-5.17,312
28,Marquette 7,BE,23-10,+21.58,117.7,32,96.1,28,67.6,156,-.013,214,+12.50,38,113.0,41,100.5,30,+8.69,26
29,Baylor 9,B12,19-14,+21.15,120.8,16,99.7,58,64.5,319,-.054,314,+15.68,10,113.7,27,98.0,1,+7.62,33
30,VCU 11,A10,28-6,+20.61,116.3,41,95.7,23,66.1,241,-.051,310,+1.31,123,106.9,153,105.6,121,-4.07,289
31,Oregon 5,B10,24-9,+20.15,116.6,39,96.5,31,67.6,151,+.085,28,+14.16,19,114.4,19,100.2,21,+4.26,65
32,Mississippi St. 8,SEC,21-12,+20.11,118.7,23,98.6,47,68.1,124,+.012,144,+14.80,14,115.0,9,100.2,23,+0.57,149
33,North Carolina 11,ACC,22-13,+19.55,118.9,22,99.3,53,70.4,34,-.019,234,+12.18,41,113.3,37,101.2,48,+13.34,7
34,Georgia 9,SEC,20-12,+19.39,115.4,54,96.0,26,66.4,221,-.001,184,+13.65,25,113.9,25,100.2,22,-5.37,320
35,Connecticut 8,BE,23-10,+19.34,121.9,14,102.6,94,63.7,344,-.019,233,+10.09,55,112.0,52,102.0,54,-0.16,180
36,UC San Diego 12,BW,30-4,+18.78,115.2,57,96.5,30,65.7,271,+.010,151,-1.62,180,105.8,212,107.4,175,-1.95,230
37,Creighton 9,BE,24-10,+18.71,116.9,34,98.2,42,67.0,192,+.049,70,+11.50,47,112.2,50,100.7,33,+5.58,46
38,Oklahoma 9,SEC,20-13,+18.36,119.0,21,100.7,70,68.5,106,+.005,162,+14.65,15,114.5,16,99.9,18,-5.35,319
39,Ohio St.,B10,17-15,+18.30,117.6,33,99.3,54,67.0,195,-.070,333,+14.36,18,114.6,14,100.3,25,+3.03,90
40,Arkansas 10,SEC,20-13,+17.71,112.9,73,95.2,20,69.3,68,-.008,201,+13.85,23,114.7,13,100.9,41,-2.60,250
41,New Mexico 10,MWC,26-7,+17.32,112.5,79,95.2,19,72.7,4,-.000,181,+6.29,80,109.1,93,102.8,69,+5.12,49
42,Colorado St. 12,MWC,25-9,+17.29,116.2,43,98.9,49,66.0,252,+.025,116,+5.87,86,109.4,89,103.5,77,+1.57,126
43,Xavier 11,BE,21-11,+17.20,115.5,52,98.3,44,69.1,74,-.020,238,+9.39,59,111.1,68,101.7,53,-1.20,213
44,Texas 11,SEC,19-15,+17.15,116.7,37,99.5,56,67.4,172,-.057,317,+14.00,20,114.2,23,100.2,20,-8.25,349
45,Northwestern,B10,17-16,+16.42,113.9,64,97.5,39,64.9,299,-.089,350,+12.44,39,113.6,32,101.2,47,-2.02,233
46,San Diego St. 11,MWC,21-9,+16.37,109.8,110,93.5,13,66.0,245,+.009,155,+8.72,64,111.1,66,102.4,62,+13.08,8
47,SMU,ACC,23-10,+16.19,116.6,40,100.4,64,68.4,109,+.011,147,+6.01,83,110.2,79,104.2,92,-3.82,286
48,Indiana,B10,19-13,+16.18,113.6,68,97.4,38,67.9,136,+.024,118,+13.27,28,114.3,20,101.1,44,+1.23,133
49,Vanderbilt 10,SEC,20-12,+16.16,117.9,30,101.8,83,69.4,64,+.025,112,+12.91,33,113.6,30,100.7,36,-6.86,343
50,Boise St.,MWC,24-10,+15.92,116.0,48,100.0,60,65.2,291,+.004,170,+6.41,78,109.1,92,102.7,67,+1.62,125
51,Memphis 5,Amer,29-5,+15.35,113.1,72,97.8,40,70.8,27,+.090,20,+6.03,82,111.1,69,105.0,105,+15.59,4
52,Utah St. 10,MWC,26-7,+15.22,120.7,17,105.5,149,67.5,159,+.086,25,+5.70,87,108.7,95,103.0,70,+0.93,139
53,West Virginia,B12,19-13,+15.10,109.0,131,93.9,15,64.2,329,+.023,120,+13.18,30,113.0,43,99.8,16,+0.97,137
54,Nebraska,B10,17-14,+14.84,113.2,71,98.4,45,67.3,173,-.010,207,+12.17,42,113.6,29,101.5,51,-3.00,262
55,Cincinnati,B12,18-15,+14.81,110.5,100,95.7,24,65.4,280,-.049,302,+11.40,49,112.3,49,100.9,40,-4.97,309
56,Villanova,BE,19-14,+14.25,118.2,26,104.0,113,63.0,354,-.072,335,+7.71,69,110.4,77,102.7,66,-6.26,334
57,Santa Clara,WCC,20-12,+14.14,115.8,49,101.7,81,68.8,88,-.051,312,+4.16,95,109.5,87,105.3,113,+3.75,73
58,Drake 11,MVC,30-3,+14.14,112.6,76,98.5,46,58.8,364,+.004,167,-0.49,159,107.2,137,107.7,190,-2.68,253
59,McNeese 12,Slnd,27-6,+13.69,114.3,63,100.6,66,65.3,283,-.023,249,-2.48,208,104.6,268,107.1,164,+8.73,24
60,Penn St.,B10,16-15,+13.65,114.7,62,101.0,74,69.8,55,-.093,354,+9.32,60,111.9,56,102.6,64,-10.57,360
61,Pittsburgh,ACC,17-15,+13.63,115.7,50,102.1,85,66.2,233,-.068,331,+8.72,63,111.8,59,103.1,72,+3.68,77
62,Liberty 12,CUSA,28-6,+13.53,112.5,80,98.9,48,65.3,284,+.000,179,+0.41,141,105.9,205,105.5,116,-2.92,259
63,USC,B10,16-17,+12.96,116.6,38,103.7,108,68.2,122,-.043,290,+12.15,43,113.3,39,101.2,46,-2.05,237
64,Iowa,B10,17-16,+12.81,119.6,19,106.8,173,69.5,61,-.037,277,+12.26,40,113.5,33,101.3,49,-8.42,350
65,San Francisco,WCC,24-9,+12.68,111.7,91,99.0,51,67.7,143,+.053,63,+3.76,98,109.6,85,105.8,126,-0.89,204
66,UC Irvine,BW,28-6,+12.37,107.5,157,95.1,18,68.7,96,+.059,52,+0.72,137,107.1,141,106.4,143,+4.11,67
67,Kansas St.,B12,16-17,+12.21,109.4,122,97.1,36,67.0,196,-.037,276,+12.83,34,112.4,47,99.6,12,-1.18,211
68,UCF,B12,17-16,+11.59,115.4,53,103.8,110,71.9,11,+.025,114,+11.99,44,111.6,62,99.6,13,-1.07,207
69,South Carolina,SEC,12-20,+11.48,110.4,102,98.9,50,65.3,287,-.088,349,+14.44,16,114.8,11,100.4,29,-2.03,235
70,Arizona St.,B12,13-19,+11.24,112.5,78,101.3,75,68.4,112,-.019,235,+15.59,11,114.6,15,99.0,5,+8.32,30
71,Wake Forest,ACC,21-11,+11.22,108.2,145,97.0,35,67.1,190,+.088,22,+8.55,66,111.3,64,102.7,68,-2.20,240
72,North Texas,Amer,24-8,+11.12,109.3,123,98.2,43,60.4,362,-.019,231,+1.02,127,108.6,99,107.6,183,+1.71,123
73,Yale 13,Ivy,22-7,+11.04,115.1,59,104.0,117,67.2,183,-.041,285,-2.55,214,106.4,176,109.0,258,-0.85,200
74,Dayton,A10,22-10,+10.99,115.6,51,104.6,129,65.9,259,+.032,94,+4.88,93,108.4,103,103.5,76,+4.76,57
75,Rutgers,B10,15-17,+10.74,115.1,60,104.3,124,68.6,99,-.012,213,+13.23,29,113.5,35,100.2,24,-2.28,241
76,Utah,B12,16-16,+10.61,112.4,81,101.8,82,68.7,91,-.050,304,+10.55,53,112.0,54,101.5,52,-9.43,356
77,Butler,BE,14-19,+10.57,116.1,45,105.6,151,67.4,167,-.077,343,+11.40,48,112.1,51,100.7,35,+3.00,91
78,George Mason,A10,26-8,+10.30,106.0,196,95.6,22,64.5,317,+.075,34,+1.23,125,107.5,124,106.2,140,-5.43,322
79,Saint Joseph's,A10,22-12,+10.10,110.9,97,100.8,72,67.9,138,-.059,321,+0.98,129,106.6,165,105.6,122,-4.18,296
80,Nevada,MWC,17-16,+9.93,112.8,74,102.8,97,63.8,342,-.093,353,+5.36,89,109.0,94,103.6,79,+1.91,116
81,Colorado,B12,14-20,+9.53,108.8,137,99.3,52,67.6,149,-.042,287,+13.44,26,113.1,40,99.6,14,-1.45,220
82,Stanford,ACC,20-13,+9.51,112.1,85,102.6,95,66.0,246,+.043,77,+6.08,81,109.7,84,103.7,80,-3.81,284
83,Lipscomb 14,ASun,25-9,+9.49,112.7,75,103.2,100,65.9,258,-.028,263,-4.57,282,105.6,220,110.2,334,+3.93,69
84,High Point 13,BSth,29-5,+9.30,118.5,25,109.1,227,66.4,222,+.011,146,-5.50,296,104.3,281,109.8,316,-5.90,330
85,Oregon St.,WCC,20-12,+9.29,116.2,42,106.9,179,63.7,345,-.029,264,+0.89,135,107.0,148,106.1,137,-4.49,304
86,TCU,B12,16-16,+8.85,105.8,199,97.0,34,66.5,217,+.030,101,+13.11,31,113.5,36,100.4,27,+2.75,95
87,Georgetown,BE,17-15,+8.85,108.3,143,99.5,55,68.2,120,-.037,274,+6.35,79,109.8,82,103.5,75,-11.48,363
88,LSU,SEC,14-18,+8.65,109.0,134,100.3,62,67.9,135,-.062,325,+13.89,21,114.3,21,100.4,28,-6.98,344
89,Florida St.,ACC,17-15,+8.44,108.8,138,100.3,61,69.5,62,-.007,196,+6.47,77,110.3,78,103.8,83,-2.50,248
90,Minnesota,B10,15-17,+8.44,110.1,108,101.7,80,62.6,357,+.025,113,+11.57,46,112.9,44,101.3,50,-6.08,332
91,Arkansas St.,SB,24-10,+7.93,110.1,107,102.2,89,69.8,57,-.037,278,-2.48,209,104.9,257,107.4,174,+0.67,145
92,UNLV,MWC,18-15,+7.49,107.5,156,100.0,59,65.7,268,+.010,152,+6.01,84,109.9,81,103.9,84,+3.83,72
93,Grand Canyon 13,WAC,26-7,+7.22,107.8,149,100.6,67,71.4,14,+.019,127,-3.46,248,103.1,305,106.6,148,-3.18,271
94,Georgia Tech,ACC,17-16,+7.14,107.7,152,100.5,65,68.5,105,+.001,176,+6.49,76,110.5,76,104.0,87,-7.94,347
95,Bradley,MVC,26-8,+7.09,111.5,93,104.4,125,65.6,273,+.097,18,+0.14,145,107.6,116,107.5,179,-2.98,261
96,Notre Dame,ACC,15-18,+7.06,111.3,95,104.2,123,64.7,313,-.046,294,+7.59,71,111.1,65,103.5,78,-0.24,182
97,Providence,BE,12-20,+7.00,112.1,86,105.1,136,66.2,231,-.097,356,+9.76,58,111.9,55,102.2,57,-0.37,187
98,Troy 14,SB,23-10,+6.88,107.7,153,100.8,71,66.3,229,-.009,204,-2.91,229,105.3,239,108.2,215,+1.20,135
99,Akron 13,MAC,28-6,+6.58,113.7,66,107.1,183,71.4,16,+.071,39,-4.37,277,104.7,266,109.1,263,+1.54,127
100,Oklahoma St.,B12,15-17,+6.35,107.7,151,101.4,77,71.4,15,+.074,37,+11.82,45,112.8,45,101.0,43,-3.05,267
101,Northern Iowa,MVC,20-12,+5.81,109.8,111,104.0,115,64.9,298,-.006,191,+0.05,148,107.1,143,107.1,160,-1.35,218
102,St. Bonaventure,A10,22-11,+5.63,106.3,189,100.6,69,64.3,326,+.045,75,+1.48,117,107.6,119,106.1,135,-4.17,295
103,UAB,Amer,22-12,+5.49,116.8,36,111.3,268,69.0,79,-.024,252,-0.96,167,106.1,192,107.0,158,-8.72,353
104,Virginia,ACC,15-17,+5.30,110.7,99,105.4,141,61.1,361,+.016,136,+8.73,62,111.1,67,102.3,61,+0.94,138
105,UNC Wilmington 14,CAA,27-7,+5.14,112.3,84,107.1,184,65.3,285,+.055,58,-4.62,284,104.8,261,109.5,294,-5.06,311
106,Saint Louis,A10,19-14,+5.14,109.3,125,104.2,121,67.3,174,-.009,203,+3.52,99,108.1,106,104.6,99,-0.36,186
107,CSUN,BW,22-10,+5.10,109.1,129,104.0,112,72.3,8,+.012,142,-2.31,198,105.3,240,107.6,184,-5.21,316
108,Washington,B10,13-18,+5.03,109.1,130,104.0,116,67.6,150,+.011,150,+12.73,35,113.6,31,100.9,42,-4.21,299
109,Loyola Chicago,A10,22-11,+5.03,107.4,160,102.3,91,66.9,204,+.067,44,+0.59,138,106.6,164,106.0,132,-9.13,354
110,Chattanooga,SC,24-9,+4.93,115.2,58,110.2,246,66.5,218,+.045,74,-2.77,224,104.9,260,107.6,187,+0.17,163
111,North Alabama,ASun,24-10,+4.91,111.9,89,107.0,182,66.5,215,+.006,161,-5.56,297,104.7,267,110.2,335,-3.01,263
112,California,ACC,14-19,+4.67,111.3,94,106.6,170,67.5,161,-.038,281,+6.81,75,111.0,72,104.2,91,-1.45,221
113,George Washington,A10,21-12,+4.65,108.0,148,103.3,103,66.7,211,-.023,248,-2.02,190,104.6,271,106.6,149,-11.40,362
114,Utah Valley,WAC,25-8,+4.51,106.7,178,102.2,90,67.9,134,+.089,21,-1.89,187,105.0,252,106.9,155,+0.64,146
115,Florida Atlantic,Amer,18-15,+4.45,112.3,82,107.9,202,68.7,93,-.019,230,+2.51,105,108.1,108,105.5,119,+4.41,62
116,Samford,SC,22-10,+4.41,112.5,77,108.1,206,70.9,25,+.018,132,-2.66,220,105.7,216,108.4,221,-0.11,176
117,Syracuse,ACC,14-19,+4.41,110.3,104,105.9,153,68.1,123,+.026,110,+8.60,65,111.7,61,103.1,73,+2.58,99
118,DePaul,BE,14-19,+4.34,109.6,116,105.3,140,66.9,205,-.038,279,+8.36,67,110.6,75,102.2,58,-9.52,357
119,Middle Tennessee,CUSA,22-11,+4.28,109.1,128,104.8,131,68.2,117,+.088,24,+2.62,102,107.1,140,104.5,98,+2.78,94
120,Wofford 15,SC,19-15,+4.16,113.6,67,109.5,231,64.0,333,-.032,266,-0.73,162,106.7,161,107.4,177,+5.27,47
121,South Alabama,SB,21-11,+4.10,107.4,159,103.3,102,63.1,352,-.042,288,-4.20,273,104.2,284,108.4,226,-3.11,269
122,Northern Colorado,BSky,25-9,+4.02,112.0,87,108.0,204,68.7,94,+.042,78,-4.11,272,105.5,227,109.6,308,+2.14,109
123,Jacksonville St.,CUSA,22-12,+3.93,109.3,126,105.4,142,64.8,310,+.052,65,+1.76,113,107.2,136,105.5,118,-0.14,177
124,Washington St.,WCC,19-14,+3.88,111.6,92,107.7,196,70.5,32,+.076,33,+4.16,96,109.4,90,105.2,110,+2.55,101
125,N.C. State,ACC,12-19,+3.78,107.6,155,103.8,109,65.2,290,-.079,346,+6.94,74,111.0,70,104.1,88,-5.22,317
126,Louisiana Tech,CUSA,20-12,+3.70,108.9,136,105.2,138,64.4,323,+.031,97,+0.89,134,106.0,196,105.1,107,-2.37,243
127,St. Thomas,Sum,24-10,+3.46,113.6,69,110.1,244,67.8,139,-.010,208,-3.51,250,106.8,158,110.3,340,-0.50,191
128,Cornell,Ivy,18-11,+3.38,114.9,61,111.5,273,70.9,26,-.033,268,-2.56,216,105.6,225,108.1,214,-2.49,247
129,Belmont,MVC,22-11,+3.38,112.3,83,108.9,223,70.5,31,+.081,29,+0.02,150,106.9,154,106.9,154,-1.49,222
130,Kennesaw St.,CUSA,19-14,+3.12,107.0,170,103.9,111,70.3,42,+.035,88,+3.05,100,107.1,142,104.1,89,+2.97,92
131,New Mexico St.,CUSA,17-15,+2.94,104.3,218,101.3,76,64.8,306,-.037,275,+2.33,108,106.8,155,104.5,97,+1.77,122
132,Duquesne,A10,13-19,+2.84,106.1,191,103.3,101,65.2,289,-.127,361,+2.07,112,107.1,146,105.0,104,-1.96,231
133,North Dakota St.,Sum,21-11,+2.78,115.4,55,112.6,297,64.8,302,-.006,192,-3.05,232,107.4,125,110.5,351,-0.19,181
134,Wichita St.,Amer,19-14,+2.68,106.8,175,104.1,119,68.6,101,+.041,79,+1.50,116,107.4,128,105.9,128,+1.12,136
135,South Dakota St.,Sum,20-12,+2.68,109.7,113,107.0,180,68.9,82,-.018,228,-1.77,182,108.0,112,109.7,313,+4.21,66
136,Kent St.,MAC,22-11,+2.65,105.4,205,102.8,96,66.0,244,+.027,108,-3.80,262,105.7,218,109.5,295,+1.86,118
137,Furman,SC,25-9,+2.33,109.6,114,107.3,191,65.9,253,+.121,8,-1.56,179,106.4,179,107.9,199,+0.46,153
138,Tulane,Amer,19-14,+2.12,108.8,140,106.6,171,66.6,213,-.033,271,-1.26,171,106.4,177,107.7,188,-6.59,338
139,Robert Morris 15,Horz,26-8,+2.09,107.0,171,104.9,134,67.8,141,+.088,23,-6.24,304,104.5,276,110.7,355,-8.62,351
140,Illinois St.,MVC,19-14,+1.96,111.9,90,109.9,241,65.7,267,-.015,217,+0.07,147,107.5,123,107.4,176,-1.52,225
141,East Tennessee St.,SC,19-13,+1.90,106.8,176,104.9,133,65.0,296,-.069,332,-3.36,244,105.9,206,109.2,275,-3.20,272
142,Murray St.,MVC,16-17,+1.88,106.4,183,104.5,126,64.8,304,-.050,308,+1.42,120,107.6,118,106.2,139,+1.29,131
143,UNC Greensboro,SC,20-12,+1.79,107.2,167,105.4,143,63.8,340,-.016,221,-2.32,199,106.6,167,108.9,249,+1.50,128
144,Milwaukee,Horz,21-11,+1.76,107.2,165,105.5,147,68.7,97,+.004,171,-3.16,235,106.0,195,109.2,271,+2.45,104
145,UC Riverside,BW,21-12,+1.60,110.2,106,108.5,215,67.1,191,+.127,6,+1.75,114,107.5,122,105.8,125,+8.65,27
146,Seattle,WAC,14-18,+1.59,104.0,221,102.4,92,65.9,255,-.138,364,-0.06,152,104.9,256,105.0,103,+4.94,54
147,UC Santa Barbara,BW,21-13,+1.58,108.8,139,107.2,186,65.4,279,-.001,182,-2.35,202,104.9,255,107.3,170,-8.71,352
148,Davidson,A10,17-16,+1.56,109.7,112,108.2,207,65.9,257,-.020,236,+0.47,140,106.4,174,106.0,130,-4.85,307
149,Bryant 15,AE,23-11,+1.25,106.7,177,105.5,148,72.5,7,-.004,189,-7.00,317,102.9,312,109.9,326,+0.46,152
150,Rhode Island,A10,18-13,+0.91,108.1,146,107.2,187,70.4,36,+.016,135,-0.65,161,105.8,213,106.4,144,-6.62,339
151,Miami OH,MAC,25-9,+0.74,107.8,150,107.0,181,68.9,83,+.086,26,-5.73,300,103.7,295,109.4,289,-3.33,275
152,Radford,BSth,20-13,+0.69,110.4,103,109.7,237,62.7,356,+.059,53,-2.09,191,106.8,157,108.9,248,+1.45,129
153,Charleston,CAA,24-9,+0.65,106.0,192,105.4,145,70.0,50,+.141,3,-2.69,222,105.8,208,108.5,233,+0.16,165
154,Towson,CAA,22-11,+0.64,106.8,174,106.2,158,63.6,347,+.094,19,-2.13,192,105.8,210,108.0,200,+3.36,84
155,Loyola Marymount,WCC,17-15,+0.52,104.1,220,103.6,107,67.1,187,+.062,49,+2.61,103,108.7,97,106.1,134,-0.16,179
156,Omaha 15,Sum,22-12,+0.51,111.0,96,110.5,252,67.7,145,+.071,38,-2.51,211,106.7,160,109.2,277,+0.41,155
157,Montana 14,BSky,25-9,+0.38,110.8,98,110.4,250,67.0,193,+.186,1,-2.22,195,106.4,173,108.7,236,+8.73,25
158,UTEP,CUSA,18-15,+0.38,105.2,210,104.9,132,68.7,92,+.028,105,+2.45,106,106.9,151,104.5,96,+0.79,142
159,Western Kentucky,CUSA,17-15,+0.31,103.4,234,103.1,98,71.6,12,+.034,89,+2.21,110,106.6,166,104.4,94,+2.05,114
160,Texas A&M Corpus Chris,Slnd,20-14,+0.24,106.0,195,105.7,152,67.4,171,-.028,261,-3.75,260,104.1,288,107.9,197,+3.93,70
161,Virginia Tech,ACC,13-19,+0.20,106.4,180,106.2,161,65.1,293,+.030,102,+6.99,73,110.9,73,103.9,85,-1.13,209
162,James Madison,SB,20-12,+0.09,110.4,101,110.3,248,64.8,303,+.069,43,-1.41,176,105.5,228,106.9,157,+3.67,79
163,Winthrop,BSth,23-11,-0.03,108.3,144,108.3,211,72.6,6,+.078,32,-3.81,265,105.8,207,109.7,310,-3.59,280
164,Purdue Fort Wayne,Horz,19-13,-0.06,109.0,133,109.1,226,69.7,58,-.015,218,-3.61,255,105.2,245,108.8,243,+0.67,144
165,San Jose St.,MWC,15-19,-0.11,107.3,162,107.4,193,66.3,227,+.009,154,+4.73,94,108.7,96,103.9,86,-3.34,276
166,Lamar,Slnd,20-13,-0.18,102.0,254,102.2,87,65.4,282,+.047,72,-1.80,184,105.4,231,107.2,166,+3.99,68
167,Cal Baptist,WAC,17-15,-0.33,105.8,202,106.1,156,65.7,270,-.013,215,-1.80,183,103.7,294,105.5,117,+0.03,168
168,Cleveland St.,Horz,21-12,-0.38,103.7,228,104.1,118,65.3,288,+.032,95,-4.40,279,104.8,262,109.2,270,-0.25,183
169,Marshall,SB,20-13,-0.52,106.3,188,106.8,175,68.7,98,+.002,173,-4.33,276,105.3,238,109.6,303,-4.45,303
170,Appalachian St.,SB,17-14,-0.59,101.1,278,101.7,79,63.1,351,-.028,262,-3.27,240,106.0,198,109.3,280,+3.07,88
171,Temple,Amer,17-15,-0.61,110.0,109,110.6,254,68.6,100,+.017,133,-0.22,156,106.5,168,106.8,151,-1.98,232
172,Florida Gulf Coast,ASun,18-14,-0.68,108.1,147,108.8,219,65.2,292,-.026,255,-3.81,264,105.6,221,109.4,291,+3.47,82
173,Nicholls,Slnd,20-13,-0.78,105.6,203,106.4,167,68.1,126,+.054,60,-1.87,185,104.4,278,106.3,141,+8.09,31
174,Illinois Chicago,MVC,17-14,-0.87,106.9,172,107.8,197,69.1,73,+.066,45,+1.26,124,107.2,138,105.9,129,+2.36,106
175,Sam Houston St.,CUSA,13-19,-0.97,110.3,105,111.3,267,67.6,158,-.040,282,+4.10,97,107.1,144,103.0,71,+7.10,38
176,East Carolina,Amer,19-14,-1.09,106.8,173,107.9,203,66.6,214,+.039,82,-1.20,169,106.9,152,108.1,209,-5.47,324
177,Oakland,Horz,16-18,-1.34,107.1,169,108.5,213,63.8,338,-.007,195,-0.21,155,107.4,131,107.6,186,+13.79,5
178,Princeton,Ivy,19-11,-1.38,105.3,208,106.7,172,66.4,220,+.118,11,-0.95,166,107.2,139,108.1,210,+0.05,167
179,Jacksonville,ASun,19-13,-1.43,101.7,263,103.2,99,67.4,168,+.062,48,-2.55,215,107.3,133,109.9,321,+6.73,43
180,Norfolk St. 16,MEAC,24-10,-1.53,107.1,168,108.7,217,66.3,226,+.056,56,-7.23,324,103.0,307,110.3,337,+3.04,89
181,Cal Poly,BW,16-19,-1.58,109.5,117,111.1,263,74.4,3,-.006,194,+1.43,119,106.4,178,105.0,102,+5.06,51
182,Eastern Kentucky,ASun,18-14,-1.73,109.6,115,111.4,270,67.6,155,+.019,125,-2.94,230,105.8,211,108.8,241,+4.30,64
183,Central Connecticut,NEC,25-7,-1.76,99.7,298,101.5,78,65.7,265,+.023,119,-11.83,364,100.3,363,112.1,364,-2.79,254
184,Boston College,ACC,12-19,-1.79,105.4,206,107.2,185,66.7,212,+.018,131,+5.42,88,109.6,86,104.1,90,-6.75,342
185,Wyoming,MWC,12-20,-1.98,103.6,231,105.5,150,64.6,316,-.027,258,+4.99,92,109.4,88,104.4,95,-3.01,264
186,Montana St.,BSky,15-18,-2.04,105.3,209,107.3,189,65.8,263,-.063,327,-1.96,189,106.0,194,108.0,203,+5.02,53
187,Drexel,CAA,18-15,-2.05,103.9,223,106.0,154,62.9,355,-.052,313,-4.60,283,105.3,234,109.9,324,-5.20,315
188,Merrimack,MAAC,18-15,-2.15,99.9,296,102.0,84,64.4,322,-.002,185,-5.40,293,103.9,291,109.3,283,+7.12,37
189,Rice,Amer,13-19,-2.30,106.3,187,108.6,216,65.3,286,-.084,347,-2.22,194,105.2,244,107.4,178,-8.09,348
190,South Carolina St.,MEAC,20-13,-2.40,102.6,245,105.0,135,69.1,70,-.050,309,-8.60,353,102.6,324,111.2,362,+0.40,157
191,UTSA,Amer,12-19,-2.45,107.2,166,109.6,234,69.9,53,-.051,311,+1.38,122,107.4,132,106.0,131,+1.39,130
192,Miami FL,ACC,7-24,-2.50,113.5,70,116.0,340,67.4,164,-.130,362,+7.64,70,109.9,80,102.3,60,-2.47,246
193,Southern Illinois,MVC,14-19,-2.74,105.6,204,108.3,210,67.9,137,-.025,253,+1.19,126,108.3,104,107.1,161,+2.39,105
194,Southeastern Louisiana,Slnd,18-14,-2.79,104.6,214,107.4,192,66.9,200,+.011,148,-3.92,268,104.6,272,108.5,230,-0.61,195
195,South Florida,Amer,13-19,-2.81,103.5,232,106.3,166,68.2,119,-.047,295,+0.36,142,108.1,107,107.7,192,-5.43,323
196,Texas St.,SB,16-16,-2.99,109.4,121,112.4,290,65.9,254,-.041,284,-2.87,228,104.2,283,107.1,163,-0.57,193
197,Elon,CAA,17-15,-3.00,107.4,158,110.4,249,65.1,294,-.026,256,-3.46,247,105.0,253,108.4,228,-0.56,192
198,UNC Asheville,BSth,21-11,-3.06,109.0,135,112.1,279,68.1,127,+.123,7,-3.29,242,106.4,180,109.7,309,-0.62,196
199,Central Michigan,MAC,14-17,-3.09,105.3,207,108.4,212,67.1,188,-.091,351,-2.36,203,106.1,190,108.5,231,+11.49,12
200,Ohio,MAC,16-16,-3.11,106.0,193,109.1,228,70.3,43,-.064,328,-3.75,259,106.1,193,109.8,315,-1.53,226
201,Indiana St.,MVC,14-18,-3.25,109.0,132,112.3,283,72.2,9,-.044,291,-0.12,154,106.4,183,106.5,146,-4.19,297
202,Youngstown St.,Horz,21-13,-3.28,102.1,251,105.4,144,69.2,69,+.058,55,-4.84,286,105.1,246,110.0,329,-6.06,331
203,Queens,ASun,19-14,-3.28,106.2,190,109.5,232,68.4,111,+.052,67,-3.49,249,105.7,217,109.2,273,+0.64,147
204,Southeast Missouri,OVC,21-12,-3.29,101.8,257,105.1,137,68.8,87,+.023,121,-7.43,331,101.8,337,109.2,269,+3.74,74
205,Dartmouth,Ivy,14-14,-3.30,100.1,293,103.4,105,70.9,24,-.057,319,-3.87,267,106.0,197,109.9,318,-6.56,337
206,Seton Hall,BE,7-25,-3.42,98.7,315,102.2,88,64.4,321,-.042,289,+9.96,57,112.0,53,102.1,55,-2.86,256
207,Portland St.,BSky,19-13,-3.46,100.5,285,104.0,114,68.4,110,+.015,138,-4.54,281,105.8,214,110.3,341,-1.24,214
208,Brown,Ivy,14-13,-3.65,103.1,237,106.8,174,65.8,264,+.022,122,-3.70,258,105.7,219,109.4,286,-5.58,327
209,Northeastern,CAA,17-15,-3.70,103.6,230,107.3,190,67.3,176,+.019,126,-4.05,270,104.0,289,108.0,204,-3.59,279
210,Idaho St.,BSky,15-15,-3.81,105.9,198,109.7,236,66.0,249,-.059,322,-3.77,261,105.5,230,109.2,276,+2.09,112
211,Longwood,BSth,18-14,-3.86,105.9,197,109.8,239,69.0,78,+.002,174,-4.10,271,106.2,187,110.3,345,-4.24,300
212,Valparaiso,MVC,15-19,-3.87,105.8,200,109.7,235,68.0,131,-.001,183,+0.11,146,106.5,170,106.4,142,-4.41,302
213,Quinnipiac,MAAC,20-13,-4.01,102.0,253,106.1,155,71.6,13,+.031,99,-6.92,316,101.9,332,108.9,246,-0.07,174
214,Massachusetts,A10,12-20,-4.13,102.3,248,106.4,168,70.2,44,-.050,305,+0.89,133,106.1,191,105.2,112,-3.62,281
215,Hampton,CAA,17-16,-4.13,103.7,227,107.8,200,65.5,275,-.003,188,-2.57,217,106.3,184,108.9,254,+0.18,162
216,Pepperdine,WCC,13-22,-4.23,106.4,184,110.6,253,69.0,75,-.022,245,+2.83,101,108.0,111,105.2,111,-4.09,292
217,SIUE 16,OVC,22-11,-4.32,101.9,255,106.2,160,65.8,261,+.052,66,-9.10,357,101.3,351,110.4,347,-3.51,278
218,Maine,AE,20-14,-4.41,100.1,294,104.5,127,65.9,256,+.004,169,-7.04,319,103.5,298,110.5,352,-3.77,283
219,Abilene Christian,WAC,16-16,-4.47,97.6,328,102.1,86,69.4,67,+.036,86,-1.23,170,104.3,280,105.6,120,+0.88,140
220,Hofstra,CAA,15-18,-4.50,97.9,325,102.4,93,63.6,348,-.047,296,-3.17,236,104.9,259,108.1,207,+1.83,120
221,Campbell,CAA,15-17,-4.55,101.6,268,106.1,157,65.8,262,-.058,320,-4.25,274,105.0,250,109.3,279,-4.26,301
222,La Salle,A10,14-19,-4.61,103.7,226,108.3,209,68.6,103,+.046,73,+2.25,109,107.4,127,105.2,109,-1.26,216
223,Wright St.,Horz,15-18,-4.66,109.5,120,114.1,315,67.4,165,-.060,323,-3.37,245,106.0,199,109.3,285,+0.51,151
224,Hawaii,BW,15-16,-4.72,103.1,236,107.8,199,65.8,260,+.025,115,-0.90,165,106.0,202,106.9,153,-2.46,245
225,Bucknell,PL,18-15,-4.90,102.7,243,107.6,195,67.2,181,+.009,153,-7.40,329,103.0,306,110.4,348,+0.45,154
226,UT Arlington,WAC,13-18,-5.02,107.3,161,112.3,286,67.5,160,-.035,272,-1.40,175,104.0,290,105.4,114,-0.33,185
227,Little Rock,OVC,19-14,-5.06,99.1,306,104.2,122,66.9,203,+.021,123,-7.78,337,101.7,340,109.4,293,+2.06,113
228,Northwestern St.,Slnd,16-16,-5.24,102.6,247,107.8,198,63.9,335,+.079,30,-0.30,158,106.1,189,106.4,145,+11.66,11
229,Fordham,A10,12-21,-5.27,106.4,181,111.7,277,69.5,63,-.003,187,+1.73,115,106.5,169,104.8,100,-3.26,274
230,William & Mary,CAA,17-15,-5.31,107.3,163,112.6,298,71.2,19,+.048,71,-2.82,226,105.3,236,108.1,211,-1.25,215
231,Presbyterian,BSth,14-18,-5.39,104.5,216,109.9,240,64.1,331,-.036,273,-2.57,218,107.0,149,109.6,299,-0.81,199
232,Delaware,CAA,16-20,-5.58,109.3,124,114.9,325,70.3,41,-.017,223,-2.97,231,104.6,269,107.6,185,-1.50,223
233,Southern,SWAC,20-12,-5.69,98.9,310,104.6,130,68.5,108,+.053,64,-7.99,342,101.4,347,109.4,292,+11.30,13
234,Northern Kentucky,Horz,17-16,-5.70,102.6,246,108.3,208,66.1,242,+.041,80,-2.86,227,105.9,204,108.8,242,+3.30,86
235,Kansas City,Sum,13-20,-5.88,100.4,289,106.3,163,64.5,320,-.108,358,-2.47,207,107.8,113,110.3,343,+0.56,150
236,Manhattan,MAAC,17-13,-5.89,108.5,142,114.3,318,67.4,163,+.006,160,-8.60,352,101.0,355,109.6,307,-5.87,328
237,American 16,PL,22-12,-5.98,102.1,252,108.0,205,63.5,349,+.133,4,-7.09,320,103.2,303,110.3,342,+1.66,124
238,Richmond,A10,10-22,-6.02,103.0,238,109.0,224,63.7,343,-.026,254,+2.52,104,107.7,115,105.2,108,-2.86,255
239,Cal St. Bakersfield,BW,14-19,-6.04,106.3,185,112.4,288,66.0,248,-.020,237,-0.73,163,106.0,201,106.7,150,-2.18,239
240,Toledo,MAC,18-15,-6.13,112.0,88,118.1,356,67.9,133,+.117,12,-2.31,197,106.0,200,108.3,217,+3.57,81
241,South Dakota,Sum,19-14,-6.14,109.3,127,115.4,332,74.6,2,+.101,16,-3.34,243,106.9,150,110.3,338,-4.07,290
242,UT Rio Grande Valley,Slnd,16-15,-6.20,104.7,211,110.9,261,70.4,35,+.007,156,-3.56,253,104.1,287,107.7,191,-0.39,188
243,Vermont,AE,21-12,-6.25,99.1,305,105.4,146,62.4,358,+.118,10,-7.10,321,103.0,308,110.1,332,-1.00,206
244,UMass Lowell,AE,17-15,-6.28,108.6,141,114.9,323,68.5,104,-.021,243,-7.40,328,101.1,352,108.5,232,-3.81,285
245,Missouri St.,MVC,9-23,-6.40,101.0,279,107.4,194,63.8,339,-.104,357,+0.84,136,108.6,100,107.7,193,-0.01,170
246,UC Davis,BW,15-17,-6.50,97.1,334,103.6,106,66.9,202,+.070,40,+0.48,139,107.5,121,107.0,159,+1.88,117
247,Northern Arizona,BSky,18-15,-6.53,104.2,219,110.8,258,66.8,206,+.004,168,-5.39,292,105.1,248,110.5,349,-4.93,308
248,Incarnate Word,Slnd,17-16,-6.58,106.0,194,112.6,296,64.1,330,-.018,226,-5.45,294,103.0,311,108.4,223,-5.19,313
249,Jackson St.,SWAC,16-18,-6.61,100.3,290,106.9,178,68.3,115,+.021,124,-4.82,285,103.5,297,108.3,219,+16.26,3
250,Mount St. Mary's 16,MAAC,22-12,-6.67,100.1,292,106.8,176,67.4,170,+.147,2,-7.26,325,101.9,333,109.2,266,-1.17,210
251,Georgia Southern,SB,17-16,-6.99,102.6,244,109.6,233,69.4,66,+.064,46,-4.99,289,104.5,275,109.5,296,-3.07,268
252,Tennessee St.,OVC,17-16,-7.29,102.2,250,109.5,230,70.3,40,-.068,330,-8.52,350,100.9,358,109.4,287,-0.32,184
253,Siena,MAAC,14-18,-7.42,102.8,241,110.2,245,67.2,184,-.067,329,-6.80,314,102.7,319,109.5,298,-0.87,201
254,FIU,CUSA,10-23,-7.53,96.6,338,104.1,120,68.3,114,-.050,306,+0.22,143,107.0,147,106.8,152,-6.33,335
255,Fresno St.,MWC,6-26,-7.67,100.8,280,108.5,214,70.5,33,-.008,199,+5.92,85,109.7,83,103.8,82,-2.12,238
256,Harvard,Ivy,12-15,-7.67,101.2,274,108.9,221,65.5,276,+.054,61,-2.34,201,105.5,229,107.8,196,-2.96,260
257,Charlotte,Amer,11-22,-7.76,104.5,215,112.3,284,64.8,305,-.009,205,-0.25,157,107.3,134,107.6,182,-4.12,293
258,Iona,MAAC,17-17,-7.90,98.6,317,106.5,169,68.0,129,+.014,140,-7.22,323,102.6,322,109.8,317,-2.90,258
259,North Florida,ASun,15-17,-7.90,109.5,118,117.4,350,72.2,10,+.049,68,-2.41,204,106.4,181,108.8,240,+6.94,42
260,Colgate,PL,14-19,-7.94,104.6,213,112.6,295,67.2,186,-.057,318,-5.67,299,103.4,299,109.1,265,+2.55,103
261,Mercer,SC,14-19,-8.02,99.2,304,107.2,188,71.0,21,-.014,216,-2.50,210,106.2,188,108.7,237,-1.68,228
262,Evansville,MVC,11-21,-8.03,98.2,321,106.3,164,66.8,209,-.021,244,+0.95,130,108.0,110,107.1,162,+0.38,158
263,Sacred Heart,MAAC,15-18,-8.06,104.7,212,112.7,302,70.2,47,-.049,300,-7.53,334,101.8,336,109.3,282,-2.88,257
264,Gardner Webb,BSth,11-20,-8.12,103.0,239,111.1,264,68.9,81,-.011,210,-2.29,196,107.4,130,109.7,311,-0.02,171
265,North Dakota,Sum,12-21,-8.19,107.6,154,115.8,337,69.0,80,-.020,239,-0.63,160,108.1,109,108.7,238,+2.65,96
266,Georgia St.,SB,14-19,-8.24,106.4,182,114.6,320,68.9,84,+.013,141,-3.39,246,105.0,251,108.4,224,-1.86,229
267,Monmouth,CAA,13-20,-8.58,103.9,224,112.4,294,67.0,194,+.028,107,-1.87,186,105.4,233,107.3,168,+2.24,108
268,Tulsa,Amer,13-20,-8.61,101.4,272,110.0,242,66.2,234,-.044,292,-1.45,178,106.5,171,107.9,198,-9.59,358
269,Portland,WCC,12-20,-8.92,105.8,201,114.7,321,68.3,116,+.033,90,+1.44,118,107.6,117,106.2,138,-4.09,291
270,Albany,AE,17-16,-9.05,103.2,235,112.3,285,67.5,162,+.018,129,-7.45,332,102.5,326,109.9,327,-4.61,305
271,Marist,MAAC,20-10,-9.10,97.1,333,106.2,162,64.0,332,+.107,15,-10.37,361,100.5,361,110.9,358,-11.74,364
272,Navy,PL,15-19,-9.17,102.3,249,111.4,271,66.9,198,-.040,283,-8.05,343,101.8,335,109.9,320,-6.45,336
273,Alabama St. 16,SWAC,19-15,-9.24,101.4,270,110.6,256,67.7,142,+.049,69,-8.70,355,100.7,359,109.4,290,+6.15,45
274,Austin Peay,ASun,14-19,-9.24,101.8,259,111.1,262,66.1,243,+.025,117,-1.92,188,107.8,114,109.8,314,+4.77,56
275,Ball St.,MAC,14-17,-9.34,103.4,233,112.8,303,66.4,225,-.056,316,-6.44,307,104.1,286,110.6,353,-6.69,341
276,Idaho,BSky,14-19,-9.46,107.3,164,116.7,344,66.2,230,+.032,96,-2.67,221,105.3,235,108.0,202,+1.77,121
277,Stephen F. Austin,Slnd,14-17,-9.56,95.1,348,104.6,128,67.4,169,+.055,59,-2.77,225,104.4,279,107.2,165,+0.83,141
278,Columbia,Ivy,12-15,-9.56,106.3,186,115.9,338,70.7,30,-.017,224,-5.08,290,104.5,273,109.6,305,-10.68,361
279,Houston Christian,Slnd,12-20,-9.57,100.5,286,110.1,243,64.7,312,-.006,190,-2.71,223,104.6,270,107.3,169,+5.03,52
280,Texas Southern,SWAC,15-17,-9.59,96.6,337,106.2,159,69.9,52,-.049,301,-7.29,326,101.7,338,109.0,261,+12.62,9
281,Eastern Michigan,MAC,16-16,-9.71,104.3,217,114.0,313,67.2,185,+.115,13,-4.41,280,105.2,243,109.6,306,-3.26,273
282,Lehigh,PL,11-19,-10.21,100.6,284,110.8,260,67.2,179,-.097,355,-6.34,306,103.0,310,109.3,284,+3.27,87
283,Pacific,WCC,9-24,-10.27,101.4,271,111.7,278,66.4,223,-.033,269,+2.41,107,108.5,101,106.1,136,-0.08,175
284,Old Dominion,SB,15-20,-10.32,100.1,295,110.4,251,66.0,250,+.033,91,-4.00,269,104.9,258,108.9,256,-2.66,251
285,LIU,NEC,17-16,-10.38,94.9,352,105.2,139,64.8,308,-.003,186,-10.76,363,100.9,357,111.6,363,-2.67,252
286,Tarleton St.,WAC,12-20,-10.40,93.0,359,103.4,104,65.5,277,+.025,111,+1.40,121,106.3,185,104.9,101,+7.18,36
287,VMI,SC,15-19,-10.54,100.2,291,110.8,257,68.1,125,+.027,109,-2.54,213,106.4,182,108.9,251,-2.36,242
288,Bethune Cookman,SWAC,17-16,-10.57,97.3,332,107.9,201,69.0,76,+.119,9,-5.63,298,102.8,318,108.4,222,+8.96,22
289,Lafayette,PL,13-20,-10.67,98.1,324,108.7,218,66.1,240,-.077,344,-8.29,348,102.9,316,111.2,360,-5.20,314
290,Bowling Green,MAC,14-18,-10.89,98.9,311,109.8,238,68.7,95,+.004,165,-6.59,311,104.2,285,110.8,356,-6.67,340
291,Penn,Ivy,8-19,-10.96,103.9,222,114.9,324,66.8,208,-.011,211,-1.44,177,105.9,203,107.4,173,-1.52,224
292,Tennessee Martin,OVC,14-19,-10.97,101.7,264,112.7,301,66.2,232,-.042,286,-7.42,330,101.5,344,108.9,257,+2.62,97
293,Western Michigan,MAC,12-20,-10.99,101.4,273,112.4,289,67.8,140,-.008,200,-3.80,263,105.4,232,109.2,278,-0.04,172
294,Eastern Washington,BSky,10-22,-11.01,101.8,261,112.8,304,66.8,207,+.002,175,-1.18,168,107.1,145,108.3,216,+6.37,44
295,Southern Utah,WAC,12-19,-11.14,98.1,323,109.3,229,68.9,86,+.032,93,-1.34,174,104.7,265,106.0,133,+0.34,159
296,San Diego,WCC,6-27,-11.25,99.4,301,110.6,255,71.0,20,-.074,340,+0.92,131,107.4,126,106.5,147,-4.14,294
297,Southern Miss,SB,11-22,-11.28,97.6,330,108.9,222,70.8,28,-.007,198,-2.44,205,105.0,249,107.5,180,+0.31,161
298,UMBC,AE,13-19,-11.40,106.5,179,117.9,355,70.4,38,-.072,336,-7.50,333,101.5,343,109.0,260,-5.47,325
299,Saint Peter's,MAAC,12-16,-11.40,94.9,351,106.3,165,63.8,337,+.007,158,-7.15,322,103.2,302,110.4,346,-0.06,173
300,Weber St.,BSky,12-22,-11.48,101.1,276,112.6,299,65.6,272,-.011,212,-2.46,206,106.3,186,108.8,239,+2.87,93
301,Utah Tech,WAC,7-26,-11.78,101.7,262,113.5,310,67.4,166,-.062,324,-0.04,151,105.1,247,105.1,106,+3.39,83
302,Charleston Southern,BSth,10-22,-11.97,99.7,300,111.6,276,67.3,178,+.040,81,-0.09,153,108.5,102,108.5,234,+4.53,61
303,Long Beach St.,BW,7-25,-12.08,101.8,258,113.9,312,64.0,334,-.071,334,+1.01,128,106.8,156,105.8,127,+2.10,110
304,Tennessee Tech,OVC,15-17,-12.29,100.8,281,113.1,306,67.7,146,+.045,76,-7.87,339,101.4,346,109.3,281,+0.75,143
305,Boston University,PL,16-16,-12.31,99.0,308,111.3,269,63.0,353,+.061,50,-8.42,349,102.1,330,110.5,350,-5.89,329
306,Loyola MD,PL,12-19,-12.35,100.4,287,112.8,305,66.5,216,-.030,265,-8.19,347,101.9,334,110.1,331,-5.38,321
307,Delaware St.,MEAC,16-14,-12.49,101.7,265,114.2,316,70.2,45,+.054,62,-8.56,351,102.6,323,111.2,361,-1.18,212
308,Fairleigh Dickinson,NEC,13-20,-12.51,98.3,319,110.8,259,69.1,72,-.073,337,-7.95,341,102.0,331,109.9,323,+2.61,98
309,Denver,Sum,11-21,-12.54,98.7,316,111.2,266,66.4,224,+.005,164,-1.66,181,108.2,105,109.9,322,-0.41,189
310,Air Force,MWC,4-28,-12.57,98.9,312,111.5,272,64.4,324,-.085,348,+5.01,91,109.2,91,104.2,93,-4.21,298
311,Saint Francis 16,NEC,16-17,-12.76,99.7,299,112.4,293,66.9,201,+.074,35,-6.80,313,101.5,345,108.3,218,+7.94,32
312,Howard,MEAC,12-20,-13.21,103.7,229,116.9,346,69.9,51,-.000,180,-6.73,312,103.2,304,109.9,325,+1.96,115
313,Rider,MAAC,14-19,-13.29,101.7,266,115.0,326,64.8,309,+.074,36,-6.49,309,102.7,321,109.2,268,+0.17,164
314,IU Indy,Horz,10-22,-13.36,109.5,119,122.9,363,64.8,307,-.073,338,-3.63,256,104.5,274,108.1,213,-3.13,270
315,Eastern Illinois,OVC,12-19,-13.37,93.5,357,106.9,177,66.1,238,+.003,172,-5.75,301,102.9,315,108.6,235,+11.28,14
316,Louisiana,SB,12-21,-13.48,97.7,326,111.2,265,66.2,235,+.085,27,-2.51,212,104.8,263,107.3,167,+1.26,132
317,Florida A&M,SWAC,14-17,-13.70,101.5,269,115.2,329,67.1,189,+.063,47,-6.21,303,101.6,342,107.8,195,+19.67,1
318,Binghamton,AE,15-17,-13.88,98.8,313,112.7,300,65.7,269,+.056,57,-7.57,335,102.7,320,110.3,339,-5.54,326
319,Grambling St.,SWAC,12-22,-13.91,95.2,346,109.1,225,63.8,341,-.074,339,-8.18,346,101.3,349,109.5,297,+10.65,17
320,Holy Cross,PL,13-19,-13.92,101.8,260,115.7,335,66.0,251,+.038,83,-6.33,305,102.6,325,108.9,252,-0.58,194
321,Niagara,MAAC,11-20,-14.12,101.1,277,115.2,330,65.0,295,-.022,247,-8.11,345,101.1,353,109.2,274,-5.30,318
322,Stonehill,NEC,15-17,-14.22,100.8,282,115.0,327,64.9,300,+.031,98,-9.70,359,100.3,362,110.0,330,-3.01,265
323,North Carolina Central,MEAC,14-19,-14.33,102.7,242,117.1,348,66.8,210,+.015,139,-6.91,315,103.4,300,110.3,344,-0.42,190
324,Army,PL,16-15,-14.51,99.8,297,114.3,317,67.6,157,+.132,5,-7.80,338,102.9,313,110.7,354,-5.02,310
325,Alcorn St.,SWAC,11-21,-14.58,97.6,331,112.2,281,64.6,315,-.010,209,-4.85,288,103.3,301,108.1,212,+13.38,6
326,Lindenwood,OVC,16-17,-14.76,94.1,354,108.8,220,69.6,60,+.108,14,-7.59,336,102.4,328,110.0,328,+4.70,60
327,Morehead St.,OVC,15-17,-14.80,97.6,329,112.4,292,63.9,336,+.079,31,-7.01,318,101.4,348,108.4,227,+4.88,55
328,Oral Roberts,Sum,7-23,-14.92,102.8,240,117.7,354,67.2,182,-.006,193,+0.17,144,108.6,98,108.5,229,+7.30,34
329,Coastal Carolina,SB,10-22,-15.03,100.4,288,115.4,333,63.2,350,-.048,299,-5.11,291,103.7,293,108.8,244,-6.21,333
330,East Texas A&M,Slnd,5-26,-15.08,96.5,339,111.6,274,67.3,177,-.027,257,-1.29,172,105.6,224,106.9,156,+4.73,58
331,Morgan St.,MEAC,14-18,-15.42,101.6,267,117.0,347,70.4,37,+.012,145,-8.90,356,102.2,329,111.1,359,-4.02,287
332,Stony Brook,CAA,8-24,-15.74,101.9,256,117.6,351,64.4,325,-.017,225,-3.23,238,104.7,264,108.0,201,-1.07,208
333,Fairfield,MAAC,12-20,-15.93,98.2,322,114.1,314,66.0,247,+.070,41,-6.47,308,102.4,327,108.9,247,-3.04,266
334,Green Bay,Horz,4-28,-16.10,100.7,283,116.8,345,68.9,85,-.050,307,-1.32,173,106.5,172,107.8,194,+3.62,80
335,North Carolina A&T,CAA,7-25,-16.40,96.9,335,113.3,308,69.0,77,+.000,178,-3.10,234,104.9,254,108.0,205,-1.36,219
336,Southern Indiana,OVC,10-20,-16.54,98.2,320,114.8,322,66.9,199,-.027,259,-7.90,340,101.7,339,109.6,304,-2.38,244
337,Detroit Mercy,Horz,8-24,-17.02,95.1,347,112.1,280,66.9,197,+.028,106,-2.15,193,106.7,159,108.9,250,+1.23,134
338,Western Carolina,SC,8-22,-17.10,95.2,345,112.3,287,70.3,39,+.011,149,+0.02,149,107.4,129,107.4,172,+7.22,35
339,USC Upstate,BSth,6-26,-17.51,98.4,318,115.9,339,72.7,5,-.021,242,-0.82,164,107.3,135,108.1,206,+2.55,102
340,Buffalo,MAC,9-22,-17.58,96.2,340,113.8,311,70.7,29,+.028,104,-3.20,237,105.8,209,109.0,262,+0.59,148
341,Bellarmine,ASun,5-26,-17.66,103.8,225,121.4,360,66.1,236,-.109,359,-3.84,266,105.3,241,109.1,264,-1.30,217
342,Mercyhurst,NEC,15-16,-17.83,98.7,314,116.6,342,64.7,314,+.099,17,-9.28,358,100.6,360,109.9,319,-1.66,227
343,Sacramento St.,BSky,7-25,-17.93,95.3,344,113.2,307,65.5,278,-.020,240,-3.60,254,105.6,223,109.2,272,-0.89,203
344,Wagner,NEC,14-16,-18.09,92.2,360,110.3,247,60.3,363,+.061,51,-10.37,362,99.9,364,110.3,336,-2.04,236
345,Northern Illinois,MAC,6-25,-18.15,94.3,353,112.4,291,68.8,89,-.091,352,-3.56,252,105.6,222,109.2,267,-0.70,198
346,Central Arkansas,ASun,9-24,-18.16,97.6,327,115.8,336,66.3,228,+.036,87,-2.58,219,106.4,175,109.0,259,+2.29,107
347,Western Illinois,OVC,12-19,-18.21,99.0,307,117.2,349,64.2,328,+.037,84,-8.05,344,101.3,350,109.4,288,-2.54,249
348,West Georgia,ASun,6-25,-18.29,96.8,336,115.1,328,68.0,132,+.012,143,-2.32,200,106.6,163,108.9,255,+2.09,111
349,New Orleans,Slnd,4-27,-18.33,99.3,303,117.6,352,69.1,71,-.016,222,+0.92,132,106.7,162,105.7,124,+10.67,16
350,Louisiana Monroe,SB,7-25,-18.34,96.1,341,114.4,319,67.6,148,-.028,260,-3.67,257,104.4,277,108.1,208,-3.74,282
351,Cal St. Fullerton,BW,6-26,-18.38,93.8,355,112.2,282,68.1,128,-.020,241,+2.14,111,107.5,120,105.4,115,+4.72,59
352,Stetson,ASun,8-24,-19.29,99.4,302,118.7,358,67.6,154,-.015,219,-4.38,278,105.8,215,110.1,333,+0.14,166
353,NJIT,AE,6-25,-20.31,93.2,358,113.5,309,66.4,219,-.054,315,-6.56,310,103.0,309,109.6,302,-4.03,288
354,Le Moyne,NEC,9-23,-20.65,101.2,275,121.8,361,68.5,107,+.004,166,-7.29,327,101.6,341,108.9,253,+0.40,156
355,New Hampshire,AE,8-24,-21.59,93.8,356,115.4,331,67.3,175,+.019,128,-6.05,302,103.6,296,109.7,312,-3.41,277
356,The Citadel,SC,5-25,-21.79,94.9,350,116.7,343,64.5,318,-.134,363,-3.29,241,105.6,226,108.8,245,-7.50,345
357,Prairie View A&M,SWAC,5-27,-22.13,95.5,343,117.7,353,70.1,48,-.062,326,-5.49,295,102.9,314,108.4,225,+10.97,15
358,Maryland Eastern Shore,MEAC,6-25,-22.65,95.8,342,118.4,357,65.5,274,-.113,360,-3.09,233,105.3,237,108.4,220,+9.77,20
359,Canisius,MAAC,3-28,-22.96,99.0,309,121.9,362,66.1,239,-.078,345,-4.84,287,102.8,317,107.7,189,+3.86,71
360,Alabama A&M,SWAC,10-22,-23.50,92.0,361,115.5,334,71.0,22,-.022,246,-9.74,360,101.1,354,110.8,357,+1.84,119
361,Coppin St.,MEAC,6-24,-24.29,87.3,363,111.6,275,67.7,147,+.033,92,-4.33,275,105.2,242,109.6,300,+4.33,63
362,Chicago St.,NEC,4-28,-24.31,91.8,362,116.2,341,68.2,118,-.024,251,-3.24,239,104.3,282,107.5,181,+8.63,28
363,Arkansas Pine Bluff,SWAC,6-25,-26.08,95.0,349,121.1,359,71.3,17,-.074,342,-8.67,354,100.9,356,109.6,301,+7.00,41
364,Mississippi Valley St.,SWAC,3-28,-42.22,82.6,364,124.8,364,64.8,311,-.016,220,-3.52,251,103.8,292,107.3,171,+18.47,2
